Sec,	Num,	Datetime(utc)
0000,	207,	2017-09-22 18:00:00
0001,	082,	2017-09-22 18:01:00
0002,	198,	2017-09-22 18:02:00
0003,	204,	2017-09-22 18:03:00
0004,	243,	2017-09-22 18:04:00
0005,	157,	2017-09-22 18:05:00
0006,	099,	2017-09-22 18:06:00
0007,	104,	2017-09-22 18:07:00
0008,	109,	2017-09-22 18:08:00
0009,	423,	2017-09-22 18:09:00
0010,	367,	2017-09-22 18:10:00
0011,	316,	2017-09-22 18:11:00
0012,	114,	2017-09-22 18:12:00
0013,	105,	2017-09-22 18:13:00
0014,	270,	2017-09-22 18:14:00
0015,	246,	2017-09-22 18:15:00
0016,	103,	2017-09-22 18:16:00
0017,	092,	2017-09-22 18:17:00
0018,	116,	2017-09-22 18:18:00
0019,	068,	2017-09-22 18:19:00
0020,	161,	2017-09-22 18:20:00
0021,	109,	2017-09-22 18:21:00
0022,	257,	2017-09-22 18:22:00
0023,	082,	2017-09-22 18:23:00
0024,	075,	2017-09-22 18:24:00
0025,	087,	2017-09-22 18:25:00
0026,	069,	2017-09-22 18:26:00
0027,	112,	2017-09-22 18:27:00
0028,	088,	2017-09-22 18:28:00
0029,	177,	2017-09-22 18:29:00
0030,	178,	2017-09-22 18:30:00
0031,	243,	2017-09-22 18:31:00
0032,	069,	2017-09-22 18:32:00
0033,	088,	2017-09-22 18:33:00
0034,	176,	2017-09-22 18:34:00
0035,	122,	2017-09-22 18:35:00
0036,	223,	2017-09-22 18:36:00
0037,	074,	2017-09-22 18:37:00
0038,	084,	2017-09-22 18:38:00
0039,	062,	2017-09-22 18:39:00
0040,	055,	2017-09-22 18:40:00
0041,	074,	2017-09-22 18:41:00
0042,	101,	2017-09-22 18:42:00
0043,	128,	2017-09-22 18:43:00
0044,	077,	2017-09-22 18:44:00
0045,	088,	2017-09-22 18:45:00
0046,	128,	2017-09-22 18:46:00
0047,	183,	2017-09-22 18:47:00
0048,	091,	2017-09-22 18:48:00
0049,	096,	2017-09-22 18:49:00
0050,	144,	2017-09-22 18:50:00
0051,	124,	2017-09-22 18:51:00
0052,	205,	2017-09-22 18:52:00
0053,	040,	2017-09-22 18:53:00
0054,	060,	2017-09-22 18:54:00
0055,	094,	2017-09-22 18:55:00
0056,	130,	2017-09-22 18:56:00
0057,	073,	2017-09-22 18:57:00
0058,	149,	2017-09-22 18:58:00
0059,	028,	2017-09-22 18:59:00
0060,	041,	2017-09-22 19:00:00
0061,	040,	2017-09-22 19:01:00
0062,	087,	2017-09-22 19:02:00
0063,	068,	2017-09-22 19:03:00
0064,	121,	2017-09-22 19:04:00
0065,	153,	2017-09-22 19:05:00
0066,	054,	2017-09-22 19:06:00
0067,	093,	2017-09-22 19:07:00
0068,	263,	2017-09-22 19:08:00
0069,	111,	2017-09-22 19:09:00
0070,	058,	2017-09-22 19:10:00
0071,	073,	2017-09-22 19:11:00
0072,	076,	2017-09-22 19:12:00
0073,	108,	2017-09-22 19:13:00
0074,	068,	2017-09-22 19:14:00
0075,	045,	2017-09-22 19:15:00
0076,	073,	2017-09-22 19:16:00
0077,	091,	2017-09-22 19:17:00
0078,	052,	2017-09-22 19:18:00
0079,	063,	2017-09-22 19:19:00
0080,	057,	2017-09-22 19:20:00
0081,	149,	2017-09-22 19:21:00
0082,	093,	2017-09-22 19:22:00
0083,	053,	2017-09-22 19:23:00
0084,	057,	2017-09-22 19:24:00
0085,	067,	2017-09-22 19:25:00
0086,	028,	2017-09-22 19:26:00
0087,	096,	2017-09-22 19:27:00
0088,	076,	2017-09-22 19:28:00
0089,	158,	2017-09-22 19:29:00
0090,	126,	2017-09-22 19:30:00
0091,	069,	2017-09-22 19:31:00
0092,	051,	2017-09-22 19:32:00
0093,	162,	2017-09-22 19:33:00
0094,	151,	2017-09-22 19:34:00
0095,	073,	2017-09-22 19:35:00
0096,	117,	2017-09-22 19:36:00
0097,	095,	2017-09-22 19:37:00
0098,	035,	2017-09-22 19:38:00
0099,	230,	2017-09-22 19:39:00
0100,	043,	2017-09-22 19:40:00
0101,	067,	2017-09-22 19:41:00
0102,	217,	2017-09-22 19:42:00
0103,	217,	2017-09-22 19:43:00
0104,	270,	2017-09-22 19:44:00
0105,	081,	2017-09-22 19:45:00
0106,	058,	2017-09-22 19:46:00
0107,	041,	2017-09-22 19:47:00
0108,	078,	2017-09-22 19:48:00
0109,	094,	2017-09-22 19:49:00
0110,	115,	2017-09-22 19:50:00
0111,	111,	2017-09-22 19:51:00
0112,	101,	2017-09-22 19:52:00
0113,	109,	2017-09-22 19:53:00
0114,	074,	2017-09-22 19:54:00
0115,	077,	2017-09-22 19:55:00
0116,	119,	2017-09-22 19:56:00
0117,	069,	2017-09-22 19:57:00
0118,	137,	2017-09-22 19:58:00
0119,	179,	2017-09-22 19:59:00
0120,	058,	2017-09-22 20:00:00
0121,	071,	2017-09-22 20:01:00
0122,	072,	2017-09-22 20:02:00
0123,	085,	2017-09-22 20:03:00
0124,	046,	2017-09-22 20:04:00
0125,	102,	2017-09-22 20:05:00
0126,	096,	2017-09-22 20:06:00
0127,	054,	2017-09-22 20:07:00
0128,	051,	2017-09-22 20:08:00
0129,	163,	2017-09-22 20:09:00
0130,	056,	2017-09-22 20:10:00
0131,	051,	2017-09-22 20:11:00
0132,	072,	2017-09-22 20:12:00
0133,	059,	2017-09-22 20:13:00
0134,	085,	2017-09-22 20:14:00
0135,	054,	2017-09-22 20:15:00
0136,	045,	2017-09-22 20:16:00
0137,	091,	2017-09-22 20:17:00
0138,	116,	2017-09-22 20:18:00
0139,	111,	2017-09-22 20:19:00
0140,	065,	2017-09-22 20:20:00
0141,	091,	2017-09-22 20:21:00
0142,	067,	2017-09-22 20:22:00
0143,	085,	2017-09-22 20:23:00
0144,	043,	2017-09-22 20:24:00
0145,	032,	2017-09-22 20:25:00
0146,	058,	2017-09-22 20:26:00
0147,	048,	2017-09-22 20:27:00
0148,	030,	2017-09-22 20:28:00
0149,	090,	2017-09-22 20:29:00
0150,	038,	2017-09-22 20:30:00
0151,	080,	2017-09-22 20:31:00
0152,	042,	2017-09-22 20:32:00
0153,	030,	2017-09-22 20:33:00
0154,	020,	2017-09-22 20:34:00
0155,	024,	2017-09-22 20:35:00
0156,	027,	2017-09-22 20:36:00
0157,	024,	2017-09-22 20:37:00
0158,	028,	2017-09-22 20:38:00
0159,	041,	2017-09-22 20:39:00
0160,	027,	2017-09-22 20:40:00
0161,	022,	2017-09-22 20:41:00
0162,	027,	2017-09-22 20:42:00
0163,	052,	2017-09-22 20:43:00
0164,	093,	2017-09-22 20:44:00
0165,	072,	2017-09-22 20:45:00
0166,	062,	2017-09-22 20:46:00
0167,	053,	2017-09-22 20:47:00
0168,	051,	2017-09-22 20:48:00
0169,	081,	2017-09-22 20:49:00
0170,	038,	2017-09-22 20:50:00
0171,	037,	2017-09-22 20:51:00
0172,	218,	2017-09-22 20:52:00
0173,	137,	2017-09-22 20:53:00
0174,	037,	2017-09-22 20:54:00
0175,	049,	2017-09-22 20:55:00
0176,	056,	2017-09-22 20:56:00
0177,	033,	2017-09-22 20:57:00
0178,	033,	2017-09-22 20:58:00
0179,	032,	2017-09-22 20:59:00
0180,	038,	2017-09-22 21:00:00
0181,	064,	2017-09-22 21:01:00
0182,	054,	2017-09-22 21:02:00
0183,	056,	2017-09-22 21:03:00
0184,	084,	2017-09-22 21:04:00
0185,	113,	2017-09-22 21:05:00
0186,	065,	2017-09-22 21:06:00
0187,	060,	2017-09-22 21:07:00
0188,	042,	2017-09-22 21:08:00
0189,	060,	2017-09-22 21:09:00
0190,	081,	2017-09-22 21:10:00
0191,	039,	2017-09-22 21:11:00
0192,	077,	2017-09-22 21:12:00
0193,	089,	2017-09-22 21:13:00
0194,	020,	2017-09-22 21:14:00
0195,	083,	2017-09-22 21:15:00
0196,	173,	2017-09-22 21:16:00
0197,	025,	2017-09-22 21:17:00
0198,	083,	2017-09-22 21:18:00
0199,	034,	2017-09-22 21:19:00
0200,	050,	2017-09-22 21:20:00
0201,	068,	2017-09-22 21:21:00
0202,	055,	2017-09-22 21:22:00
0203,	073,	2017-09-22 21:23:00
0204,	045,	2017-09-22 21:24:00
0205,	032,	2017-09-22 21:25:00
0206,	017,	2017-09-22 21:26:00
0207,	139,	2017-09-22 21:27:00
0208,	040,	2017-09-22 21:28:00
0209,	073,	2017-09-22 21:29:00
0210,	044,	2017-09-22 21:30:00
0211,	088,	2017-09-22 21:31:00
0212,	064,	2017-09-22 21:32:00
0213,	069,	2017-09-22 21:33:00
0214,	035,	2017-09-22 21:34:00
0215,	059,	2017-09-22 21:35:00
0216,	090,	2017-09-22 21:36:00
0217,	074,	2017-09-22 21:37:00
0218,	096,	2017-09-22 21:38:00
0219,	081,	2017-09-22 21:39:00
0220,	101,	2017-09-22 21:40:00
0221,	064,	2017-09-22 21:41:00
0222,	036,	2017-09-22 21:42:00
0223,	064,	2017-09-22 21:43:00
0224,	038,	2017-09-22 21:44:00
0225,	116,	2017-09-22 21:45:00
0226,	048,	2017-09-22 21:46:00
0227,	062,	2017-09-22 21:47:00
0228,	075,	2017-09-22 21:48:00
0229,	050,	2017-09-22 21:49:00
0230,	075,	2017-09-22 21:50:00
0231,	029,	2017-09-22 21:51:00
0232,	041,	2017-09-22 21:52:00
0233,	027,	2017-09-22 21:53:00
0234,	024,	2017-09-22 21:54:00
0235,	023,	2017-09-22 21:55:00
0236,	021,	2017-09-22 21:56:00
0237,	031,	2017-09-22 21:57:00
0238,	026,	2017-09-22 21:58:00
0239,	035,	2017-09-22 21:59:00
0240,	035,	2017-09-22 22:00:00
0241,	029,	2017-09-22 22:01:00
0242,	043,	2017-09-22 22:02:00
0243,	029,	2017-09-22 22:03:00
0244,	024,	2017-09-22 22:04:00
0245,	047,	2017-09-22 22:05:00
0246,	023,	2017-09-22 22:06:00
0247,	025,	2017-09-22 22:07:00
0248,	027,	2017-09-22 22:08:00
0249,	048,	2017-09-22 22:09:00
0250,	060,	2017-09-22 22:10:00
0251,	022,	2017-09-22 22:11:00
0252,	012,	2017-09-22 22:12:00
0253,	029,	2017-09-22 22:13:00
0254,	033,	2017-09-22 22:14:00
0255,	028,	2017-09-22 22:15:00
0256,	013,	2017-09-22 22:16:00
0257,	029,	2017-09-22 22:17:00
0258,	022,	2017-09-22 22:18:00
0259,	028,	2017-09-22 22:19:00
0260,	034,	2017-09-22 22:20:00
0261,	029,	2017-09-22 22:21:00
0262,	021,	2017-09-22 22:22:00
0263,	027,	2017-09-22 22:23:00
0264,	023,	2017-09-22 22:24:00
0265,	021,	2017-09-22 22:25:00
0266,	018,	2017-09-22 22:26:00
0267,	008,	2017-09-22 22:27:00
0268,	042,	2017-09-22 22:28:00
0269,	028,	2017-09-22 22:29:00
0270,	033,	2017-09-22 22:30:00
0271,	139,	2017-09-22 22:31:00
0272,	074,	2017-09-22 22:32:00
0273,	034,	2017-09-22 22:33:00
0274,	026,	2017-09-22 22:34:00
0275,	043,	2017-09-22 22:35:00
0276,	050,	2017-09-22 22:36:00
0277,	047,	2017-09-22 22:37:00
0278,	032,	2017-09-22 22:38:00
0279,	056,	2017-09-22 22:39:00
0280,	044,	2017-09-22 22:40:00
0281,	024,	2017-09-22 22:41:00
0282,	019,	2017-09-22 22:42:00
0283,	039,	2017-09-22 22:43:00
0284,	017,	2017-09-22 22:44:00
0285,	017,	2017-09-22 22:45:00
0286,	020,	2017-09-22 22:46:00
0287,	036,	2017-09-22 22:47:00
0288,	035,	2017-09-22 22:48:00
0289,	029,	2017-09-22 22:49:00
0290,	038,	2017-09-22 22:50:00
0291,	027,	2017-09-22 22:51:00
0292,	045,	2017-09-22 22:52:00
0293,	021,	2017-09-22 22:53:00
0294,	031,	2017-09-22 22:54:00
0295,	014,	2017-09-22 22:55:00
0296,	029,	2017-09-22 22:56:00
0297,	015,	2017-09-22 22:57:00
0298,	029,	2017-09-22 22:58:00
0299,	052,	2017-09-22 22:59:00
0300,	030,	2017-09-22 23:00:00
0301,	020,	2017-09-22 23:01:00
0302,	029,	2017-09-22 23:02:00
0303,	080,	2017-09-22 23:03:00
0304,	019,	2017-09-22 23:04:00
0305,	027,	2017-09-22 23:05:00
0306,	126,	2017-09-22 23:06:00
0307,	038,	2017-09-22 23:07:00
0308,	016,	2017-09-22 23:08:00
0309,	026,	2017-09-22 23:09:00
0310,	052,	2017-09-22 23:10:00
0311,	047,	2017-09-22 23:11:00
0312,	040,	2017-09-22 23:12:00
0313,	019,	2017-09-22 23:13:00
0314,	037,	2017-09-22 23:14:00
0315,	038,	2017-09-22 23:15:00
0316,	018,	2017-09-22 23:16:00
0317,	041,	2017-09-22 23:17:00
0318,	035,	2017-09-22 23:18:00
0319,	019,	2017-09-22 23:19:00
0320,	077,	2017-09-22 23:20:00
0321,	023,	2017-09-22 23:21:00
0322,	017,	2017-09-22 23:22:00
0323,	025,	2017-09-22 23:23:00
0324,	042,	2017-09-22 23:24:00
0325,	028,	2017-09-22 23:25:00
0326,	032,	2017-09-22 23:26:00
0327,	026,	2017-09-22 23:27:00
0328,	022,	2017-09-22 23:28:00
0329,	090,	2017-09-22 23:29:00
0330,	017,	2017-09-22 23:30:00
0331,	016,	2017-09-22 23:31:00
0332,	012,	2017-09-22 23:32:00
0333,	027,	2017-09-22 23:33:00
0334,	019,	2017-09-22 23:34:00
0335,	010,	2017-09-22 23:35:00
0336,	010,	2017-09-22 23:36:00
0337,	026,	2017-09-22 23:37:00
0338,	039,	2017-09-22 23:38:00
0339,	036,	2017-09-22 23:39:00
0340,	032,	2017-09-22 23:40:00
0341,	021,	2017-09-22 23:41:00
0342,	016,	2017-09-22 23:42:00
0343,	024,	2017-09-22 23:43:00
0344,	018,	2017-09-22 23:44:00
0345,	015,	2017-09-22 23:45:00
0346,	051,	2017-09-22 23:46:00
0347,	033,	2017-09-22 23:47:00
0348,	033,	2017-09-22 23:48:00
0349,	039,	2017-09-22 23:49:00
0350,	025,	2017-09-22 23:50:00
0351,	031,	2017-09-22 23:51:00
0352,	033,	2017-09-22 23:52:00
0353,	040,	2017-09-22 23:53:00
0354,	021,	2017-09-22 23:54:00
0355,	012,	2017-09-22 23:55:00
0356,	031,	2017-09-22 23:56:00
0357,	049,	2017-09-22 23:57:00
0358,	079,	2017-09-22 23:58:00
0360,	042,	2017-09-23 00:00:00
0361,	049,	2017-09-23 00:01:00
0362,	052,	2017-09-23 00:02:00
0363,	052,	2017-09-23 00:03:00
0364,	054,	2017-09-23 00:04:00
0365,	053,	2017-09-23 00:05:00
0366,	059,	2017-09-23 00:06:00
0367,	044,	2017-09-23 00:07:00
0368,	022,	2017-09-23 00:08:00
0369,	061,	2017-09-23 00:09:00
0370,	106,	2017-09-23 00:10:00
0371,	133,	2017-09-23 00:11:00
0372,	164,	2017-09-23 00:12:00
0373,	062,	2017-09-23 00:13:00
0374,	032,	2017-09-23 00:14:00
0375,	045,	2017-09-23 00:15:00
0376,	041,	2017-09-23 00:16:00
0377,	031,	2017-09-23 00:17:00
0378,	063,	2017-09-23 00:18:00
0379,	039,	2017-09-23 00:19:00
0380,	031,	2017-09-23 00:20:00
0381,	030,	2017-09-23 00:21:00
0382,	049,	2017-09-23 00:22:00
0383,	049,	2017-09-23 00:23:00
0384,	042,	2017-09-23 00:24:00
0385,	053,	2017-09-23 00:25:00
0386,	050,	2017-09-23 00:26:00
0387,	034,	2017-09-23 00:27:00
0388,	041,	2017-09-23 00:28:00
0389,	025,	2017-09-23 00:29:00
0390,	015,	2017-09-23 00:30:00
0391,	035,	2017-09-23 00:31:00
0392,	025,	2017-09-23 00:32:00
0393,	031,	2017-09-23 00:33:00
0394,	047,	2017-09-23 00:34:00
0395,	032,	2017-09-23 00:35:00
0396,	025,	2017-09-23 00:36:00
0397,	028,	2017-09-23 00:37:00
0398,	021,	2017-09-23 00:38:00
0399,	022,	2017-09-23 00:39:00
0400,	036,	2017-09-23 00:40:00
0401,	051,	2017-09-23 00:41:00
0402,	021,	2017-09-23 00:42:00
0403,	023,	2017-09-23 00:43:00
0404,	048,	2017-09-23 00:44:00
0405,	045,	2017-09-23 00:45:00
0406,	053,	2017-09-23 00:46:00
0407,	053,	2017-09-23 00:47:00
0408,	022,	2017-09-23 00:48:00
0409,	033,	2017-09-23 00:49:00
0410,	021,	2017-09-23 00:50:00
0411,	021,	2017-09-23 00:51:00
0412,	041,	2017-09-23 00:52:00
0413,	063,	2017-09-23 00:53:00
0414,	021,	2017-09-23 00:54:00
0415,	032,	2017-09-23 00:55:00
0416,	022,	2017-09-23 00:56:00
0417,	130,	2017-09-23 00:57:00
0418,	039,	2017-09-23 00:58:00
0419,	086,	2017-09-23 00:59:00
0420,	045,	2017-09-23 01:00:00
0421,	060,	2017-09-23 01:01:00
0422,	051,	2017-09-23 01:02:00
0423,	041,	2017-09-23 01:03:00
0424,	053,	2017-09-23 01:04:00
0425,	061,	2017-09-23 01:05:00
0426,	097,	2017-09-23 01:06:00
0427,	026,	2017-09-23 01:07:00
0428,	041,	2017-09-23 01:08:00
0429,	066,	2017-09-23 01:09:00
0430,	032,	2017-09-23 01:10:00
0431,	051,	2017-09-23 01:11:00
0432,	037,	2017-09-23 01:12:00
0433,	051,	2017-09-23 01:13:00
0434,	024,	2017-09-23 01:14:00
0435,	080,	2017-09-23 01:15:00
0436,	031,	2017-09-23 01:16:00
0437,	096,	2017-09-23 01:17:00
0438,	030,	2017-09-23 01:18:00
0439,	033,	2017-09-23 01:19:00
0440,	033,	2017-09-23 01:20:00
0441,	031,	2017-09-23 01:21:00
0442,	032,	2017-09-23 01:22:00
0443,	048,	2017-09-23 01:23:00
0444,	038,	2017-09-23 01:24:00
0445,	016,	2017-09-23 01:25:00
0446,	021,	2017-09-23 01:26:00
0447,	027,	2017-09-23 01:27:00
0448,	039,	2017-09-23 01:28:00
0449,	062,	2017-09-23 01:29:00
0450,	033,	2017-09-23 01:30:00
0451,	032,	2017-09-23 01:31:00
0452,	066,	2017-09-23 01:32:00
0453,	032,	2017-09-23 01:33:00
0454,	044,	2017-09-23 01:34:00
0455,	046,	2017-09-23 01:35:00
0456,	030,	2017-09-23 01:36:00
0457,	020,	2017-09-23 01:37:00
0458,	047,	2017-09-23 01:38:00
0459,	046,	2017-09-23 01:39:00
0460,	021,	2017-09-23 01:40:00
0461,	023,	2017-09-23 01:41:00
0462,	035,	2017-09-23 01:42:00
0463,	028,	2017-09-23 01:43:00
0464,	046,	2017-09-23 01:44:00
0465,	055,	2017-09-23 01:45:00
0466,	049,	2017-09-23 01:46:00
0467,	040,	2017-09-23 01:47:00
0468,	033,	2017-09-23 01:48:00
0469,	031,	2017-09-23 01:49:00
0470,	031,	2017-09-23 01:50:00
0471,	031,	2017-09-23 01:51:00
0472,	050,	2017-09-23 01:52:00
0473,	027,	2017-09-23 01:53:00
0474,	037,	2017-09-23 01:54:00
0475,	042,	2017-09-23 01:55:00
0476,	078,	2017-09-23 01:56:00
0477,	041,	2017-09-23 01:57:00
0478,	044,	2017-09-23 01:58:00
0479,	051,	2017-09-23 01:59:00
0480,	034,	2017-09-23 02:00:00
0481,	027,	2017-09-23 02:01:00
0482,	037,	2017-09-23 02:02:00
0483,	064,	2017-09-23 02:03:00
0484,	048,	2017-09-23 02:04:00
0485,	047,	2017-09-23 02:05:00
0486,	063,	2017-09-23 02:06:00
0487,	050,	2017-09-23 02:07:00
0488,	045,	2017-09-23 02:08:00
0489,	050,	2017-09-23 02:09:00
0490,	043,	2017-09-23 02:10:00
0491,	044,	2017-09-23 02:11:00
0492,	040,	2017-09-23 02:12:00
0493,	049,	2017-09-23 02:13:00
0494,	028,	2017-09-23 02:14:00
0495,	116,	2017-09-23 02:15:00
0496,	061,	2017-09-23 02:16:00
0497,	038,	2017-09-23 02:17:00
0498,	077,	2017-09-23 02:18:00
0499,	065,	2017-09-23 02:19:00
0500,	064,	2017-09-23 02:20:00
0501,	108,	2017-09-23 02:21:00
0502,	142,	2017-09-23 02:22:00
0503,	094,	2017-09-23 02:23:00
0504,	089,	2017-09-23 02:24:00
0505,	091,	2017-09-23 02:25:00
0506,	103,	2017-09-23 02:26:00
0507,	157,	2017-09-23 02:27:00
0508,	176,	2017-09-23 02:28:00
0509,	124,	2017-09-23 02:29:00
0510,	138,	2017-09-23 02:30:00
0511,	103,	2017-09-23 02:31:00
0512,	083,	2017-09-23 02:32:00
0513,	065,	2017-09-23 02:33:00
0514,	044,	2017-09-23 02:34:00
0515,	101,	2017-09-23 02:35:00
0516,	086,	2017-09-23 02:36:00
0517,	109,	2017-09-23 02:37:00
0518,	062,	2017-09-23 02:38:00
0519,	060,	2017-09-23 02:39:00
0520,	056,	2017-09-23 02:40:00
0521,	086,	2017-09-23 02:41:00
0522,	057,	2017-09-23 02:42:00
0523,	039,	2017-09-23 02:43:00
0524,	049,	2017-09-23 02:44:00
0525,	072,	2017-09-23 02:45:00
0526,	039,	2017-09-23 02:46:00
0527,	083,	2017-09-23 02:47:00
0528,	071,	2017-09-23 02:48:00
0529,	055,	2017-09-23 02:49:00
0530,	073,	2017-09-23 02:50:00
0531,	047,	2017-09-23 02:51:00
0532,	057,	2017-09-23 02:52:00
0533,	060,	2017-09-23 02:53:00
0534,	094,	2017-09-23 02:54:00
0535,	056,	2017-09-23 02:55:00
0536,	089,	2017-09-23 02:56:00
0537,	129,	2017-09-23 02:57:00
0538,	054,	2017-09-23 02:58:00
0539,	048,	2017-09-23 02:59:00
0540,	046,	2017-09-23 03:00:00
0541,	078,	2017-09-23 03:01:00
0542,	095,	2017-09-23 03:02:00
0543,	085,	2017-09-23 03:03:00
0544,	074,	2017-09-23 03:04:00
0545,	106,	2017-09-23 03:05:00
0546,	079,	2017-09-23 03:06:00
0547,	072,	2017-09-23 03:07:00
0548,	062,	2017-09-23 03:08:00
0549,	047,	2017-09-23 03:09:00
0550,	079,	2017-09-23 03:10:00
0551,	044,	2017-09-23 03:11:00
0552,	053,	2017-09-23 03:12:00
0553,	059,	2017-09-23 03:13:00
0554,	046,	2017-09-23 03:14:00
0555,	041,	2017-09-23 03:15:00
0556,	114,	2017-09-23 03:16:00
0557,	035,	2017-09-23 03:17:00
0558,	052,	2017-09-23 03:18:00
0559,	073,	2017-09-23 03:19:00
0560,	049,	2017-09-23 03:20:00
0561,	072,	2017-09-23 03:21:00
0562,	028,	2017-09-23 03:22:00
0563,	060,	2017-09-23 03:23:00
0564,	047,	2017-09-23 03:24:00
0565,	039,	2017-09-23 03:25:00
0566,	045,	2017-09-23 03:26:00
0567,	058,	2017-09-23 03:27:00
0568,	027,	2017-09-23 03:28:00
0569,	052,	2017-09-23 03:29:00
0570,	040,	2017-09-23 03:30:00
0571,	064,	2017-09-23 03:31:00
0572,	046,	2017-09-23 03:32:00
0573,	051,	2017-09-23 03:33:00
0574,	073,	2017-09-23 03:34:00
0575,	027,	2017-09-23 03:35:00
0576,	056,	2017-09-23 03:36:00
0577,	034,	2017-09-23 03:37:00
0578,	043,	2017-09-23 03:38:00
0579,	058,	2017-09-23 03:39:00
0580,	049,	2017-09-23 03:40:00
0581,	056,	2017-09-23 03:41:00
0582,	032,	2017-09-23 03:42:00
0583,	042,	2017-09-23 03:43:00
0584,	065,	2017-09-23 03:44:00
0585,	100,	2017-09-23 03:45:00
0586,	043,	2017-09-23 03:46:00
0587,	029,	2017-09-23 03:47:00
0588,	073,	2017-09-23 03:48:00
0589,	045,	2017-09-23 03:49:00
0590,	039,	2017-09-23 03:50:00
0591,	075,	2017-09-23 03:51:00
0592,	035,	2017-09-23 03:52:00
0593,	066,	2017-09-23 03:53:00
0594,	025,	2017-09-23 03:54:00
0595,	042,	2017-09-23 03:55:00
0596,	080,	2017-09-23 03:56:00
0597,	035,	2017-09-23 03:57:00
0598,	041,	2017-09-23 03:58:00
0599,	082,	2017-09-23 03:59:00
0600,	051,	2017-09-23 04:00:00
0601,	035,	2017-09-23 04:01:00
0602,	050,	2017-09-23 04:02:00
0603,	113,	2017-09-23 04:03:00
0604,	068,	2017-09-23 04:04:00
0605,	076,	2017-09-23 04:05:00
0606,	074,	2017-09-23 04:06:00
0607,	071,	2017-09-23 04:07:00
0608,	084,	2017-09-23 04:08:00
0609,	033,	2017-09-23 04:09:00
0610,	033,	2017-09-23 04:10:00
0611,	016,	2017-09-23 04:11:00
0612,	025,	2017-09-23 04:12:00
0613,	076,	2017-09-23 04:13:00
0614,	028,	2017-09-23 04:14:00
0615,	039,	2017-09-23 04:15:00
0616,	084,	2017-09-23 04:16:00
0617,	063,	2017-09-23 04:17:00
0618,	039,	2017-09-23 04:18:00
0619,	043,	2017-09-23 04:19:00
0620,	190,	2017-09-23 04:20:00
0621,	080,	2017-09-23 04:21:00
0622,	059,	2017-09-23 04:22:00
0623,	032,	2017-09-23 04:23:00
0624,	046,	2017-09-23 04:24:00
0625,	041,	2017-09-23 04:25:00
0626,	019,	2017-09-23 04:26:00
0627,	027,	2017-09-23 04:27:00
0628,	068,	2017-09-23 04:28:00
0629,	032,	2017-09-23 04:29:00
0630,	028,	2017-09-23 04:30:00
0631,	050,	2017-09-23 04:31:00
0632,	078,	2017-09-23 04:32:00
0633,	047,	2017-09-23 04:33:00
0634,	169,	2017-09-23 04:34:00
0635,	031,	2017-09-23 04:35:00
0636,	078,	2017-09-23 04:36:00
0637,	127,	2017-09-23 04:37:00
0638,	038,	2017-09-23 04:38:00
0639,	042,	2017-09-23 04:39:00
0640,	138,	2017-09-23 04:40:00
0641,	084,	2017-09-23 04:41:00
0642,	025,	2017-09-23 04:42:00
0643,	065,	2017-09-23 04:43:00
0644,	019,	2017-09-23 04:44:00
0645,	180,	2017-09-23 04:45:00
0646,	069,	2017-09-23 04:46:00
0647,	042,	2017-09-23 04:47:00
0648,	088,	2017-09-23 04:48:00
0649,	056,	2017-09-23 04:49:00
0650,	054,	2017-09-23 04:50:00
0651,	053,	2017-09-23 04:51:00
0652,	048,	2017-09-23 04:52:00
0653,	083,	2017-09-23 04:53:00
0654,	033,	2017-09-23 04:54:00
0655,	047,	2017-09-23 04:55:00
0656,	041,	2017-09-23 04:56:00
0657,	063,	2017-09-23 04:57:00
0658,	032,	2017-09-23 04:58:00
0659,	041,	2017-09-23 04:59:00
0660,	053,	2017-09-23 05:00:00
0661,	109,	2017-09-23 05:01:00
0662,	052,	2017-09-23 05:02:00
0663,	026,	2017-09-23 05:03:00
0664,	035,	2017-09-23 05:04:00
0665,	061,	2017-09-23 05:05:00
0666,	042,	2017-09-23 05:06:00
0667,	034,	2017-09-23 05:07:00
0668,	083,	2017-09-23 05:08:00
0669,	072,	2017-09-23 05:09:00
0670,	083,	2017-09-23 05:10:00
0671,	043,	2017-09-23 05:11:00
0672,	061,	2017-09-23 05:12:00
0673,	056,	2017-09-23 05:13:00
0674,	042,	2017-09-23 05:14:00
0675,	043,	2017-09-23 05:15:00
0676,	029,	2017-09-23 05:16:00
0677,	041,	2017-09-23 05:17:00
0678,	025,	2017-09-23 05:18:00
0679,	027,	2017-09-23 05:19:00
0680,	046,	2017-09-23 05:20:00
0681,	058,	2017-09-23 05:21:00
0682,	038,	2017-09-23 05:22:00
0683,	056,	2017-09-23 05:23:00
0684,	040,	2017-09-23 05:24:00
0685,	029,	2017-09-23 05:25:00
0686,	063,	2017-09-23 05:26:00
0687,	020,	2017-09-23 05:27:00
0688,	045,	2017-09-23 05:28:00
0689,	051,	2017-09-23 05:29:00
0690,	059,	2017-09-23 05:30:00
0691,	056,	2017-09-23 05:31:00
0692,	040,	2017-09-23 05:32:00
0693,	052,	2017-09-23 05:33:00
0694,	062,	2017-09-23 05:34:00
0695,	055,	2017-09-23 05:35:00
0696,	058,	2017-09-23 05:36:00
0697,	078,	2017-09-23 05:37:00
0698,	031,	2017-09-23 05:38:00
0699,	019,	2017-09-23 05:39:00
0700,	029,	2017-09-23 05:40:00
0701,	034,	2017-09-23 05:41:00
0702,	021,	2017-09-23 05:42:00
0703,	028,	2017-09-23 05:43:00
0704,	036,	2017-09-23 05:44:00
0705,	057,	2017-09-23 05:45:00
0706,	031,	2017-09-23 05:46:00
0707,	022,	2017-09-23 05:47:00
0708,	051,	2017-09-23 05:48:00
0709,	146,	2017-09-23 05:49:00
0710,	044,	2017-09-23 05:50:00
0711,	040,	2017-09-23 05:51:00
0712,	024,	2017-09-23 05:52:00
0713,	045,	2017-09-23 05:53:00
0714,	029,	2017-09-23 05:54:00
0715,	036,	2017-09-23 05:55:00
0716,	049,	2017-09-23 05:56:00
0717,	036,	2017-09-23 05:57:00
0718,	020,	2017-09-23 05:58:00
0719,	039,	2017-09-23 05:59:00
0720,	121,	2017-09-23 18:00:00
0721,	084,	2017-09-23 18:01:00
0722,	127,	2017-09-23 18:02:00
0723,	042,	2017-09-23 18:03:00
0724,	200,	2017-09-23 18:04:00
0725,	098,	2017-09-23 18:05:00
0726,	089,	2017-09-23 18:06:00
0727,	105,	2017-09-23 18:07:00
0728,	038,	2017-09-23 18:08:00
0729,	053,	2017-09-23 18:09:00
0730,	053,	2017-09-23 18:10:00
0731,	087,	2017-09-23 18:11:00
0732,	256,	2017-09-23 18:12:00
0733,	090,	2017-09-23 18:13:00
0734,	059,	2017-09-23 18:14:00
0735,	235,	2017-09-23 18:15:00
0736,	167,	2017-09-23 18:16:00
0737,	103,	2017-09-23 18:17:00
0738,	090,	2017-09-23 18:18:00
0739,	080,	2017-09-23 18:19:00
0740,	098,	2017-09-23 18:20:00
0741,	059,	2017-09-23 18:21:00
0742,	104,	2017-09-23 18:22:00
0743,	148,	2017-09-23 18:23:00
0744,	112,	2017-09-23 18:24:00
0745,	066,	2017-09-23 18:25:00
0746,	059,	2017-09-23 18:26:00
0747,	083,	2017-09-23 18:27:00
0748,	045,	2017-09-23 18:28:00
0749,	104,	2017-09-23 18:29:00
0750,	076,	2017-09-23 18:30:00
0751,	053,	2017-09-23 18:31:00
0752,	060,	2017-09-23 18:32:00
0753,	055,	2017-09-23 18:33:00
0754,	032,	2017-09-23 18:34:00
0755,	053,	2017-09-23 18:35:00
0756,	066,	2017-09-23 18:36:00
0757,	035,	2017-09-23 18:37:00
0758,	067,	2017-09-23 18:38:00
0759,	048,	2017-09-23 18:39:00
0760,	029,	2017-09-23 18:40:00
0761,	055,	2017-09-23 18:41:00
0762,	081,	2017-09-23 18:42:00
0763,	034,	2017-09-23 18:43:00
0764,	034,	2017-09-23 18:44:00
0765,	056,	2017-09-23 18:45:00
0766,	079,	2017-09-23 18:46:00
0767,	138,	2017-09-23 18:47:00
0768,	043,	2017-09-23 18:48:00
0769,	046,	2017-09-23 18:49:00
0770,	044,	2017-09-23 18:50:00
0771,	038,	2017-09-23 18:51:00
0772,	032,	2017-09-23 18:52:00
0773,	045,	2017-09-23 18:53:00
0774,	040,	2017-09-23 18:54:00
0775,	044,	2017-09-23 18:55:00
0776,	103,	2017-09-23 18:56:00
0777,	020,	2017-09-23 18:57:00
0778,	051,	2017-09-23 18:58:00
0779,	061,	2017-09-23 18:59:00
0780,	085,	2017-09-23 19:00:00
0781,	058,	2017-09-23 19:01:00
0782,	056,	2017-09-23 19:02:00
0783,	085,	2017-09-23 19:03:00
0784,	043,	2017-09-23 19:04:00
0785,	073,	2017-09-23 19:05:00
0786,	058,	2017-09-23 19:06:00
0787,	055,	2017-09-23 19:07:00
0788,	079,	2017-09-23 19:08:00
0789,	098,	2017-09-23 19:09:00
0790,	040,	2017-09-23 19:10:00
0791,	059,	2017-09-23 19:11:00
0792,	050,	2017-09-23 19:12:00
0793,	030,	2017-09-23 19:13:00
0794,	033,	2017-09-23 19:14:00
0795,	022,	2017-09-23 19:15:00
0796,	041,	2017-09-23 19:16:00
0797,	049,	2017-09-23 19:17:00
0798,	132,	2017-09-23 19:18:00
0799,	048,	2017-09-23 19:19:00
0800,	058,	2017-09-23 19:20:00
0801,	043,	2017-09-23 19:21:00
0802,	044,	2017-09-23 19:22:00
0803,	041,	2017-09-23 19:23:00
0804,	089,	2017-09-23 19:24:00
0805,	039,	2017-09-23 19:25:00
0806,	040,	2017-09-23 19:26:00
0807,	084,	2017-09-23 19:27:00
0808,	113,	2017-09-23 19:28:00
0809,	078,	2017-09-23 19:29:00
0810,	064,	2017-09-23 19:30:00
0811,	125,	2017-09-23 19:31:00
0812,	049,	2017-09-23 19:32:00
0813,	065,	2017-09-23 19:33:00
0814,	049,	2017-09-23 19:34:00
0815,	034,	2017-09-23 19:35:00
0816,	030,	2017-09-23 19:36:00
0817,	030,	2017-09-23 19:37:00
0818,	019,	2017-09-23 19:38:00
0819,	061,	2017-09-23 19:39:00
0820,	075,	2017-09-23 19:40:00
0821,	014,	2017-09-23 19:41:00
0822,	030,	2017-09-23 19:42:00
0823,	027,	2017-09-23 19:43:00
0824,	028,	2017-09-23 19:44:00
0825,	025,	2017-09-23 19:45:00
0826,	044,	2017-09-23 19:46:00
0827,	041,	2017-09-23 19:47:00
0828,	023,	2017-09-23 19:48:00
0829,	048,	2017-09-23 19:49:00
0830,	026,	2017-09-23 19:50:00
0831,	044,	2017-09-23 19:51:00
0832,	036,	2017-09-23 19:52:00
0833,	032,	2017-09-23 19:53:00
0834,	025,	2017-09-23 19:54:00
0835,	049,	2017-09-23 19:55:00
0836,	079,	2017-09-23 19:56:00
0837,	069,	2017-09-23 19:57:00
0838,	040,	2017-09-23 19:58:00
0839,	042,	2017-09-23 19:59:00
0840,	025,	2017-09-23 20:00:00
0841,	036,	2017-09-23 20:01:00
0842,	061,	2017-09-23 20:02:00
0843,	022,	2017-09-23 20:03:00
0844,	033,	2017-09-23 20:04:00
0845,	043,	2017-09-23 20:05:00
0846,	025,	2017-09-23 20:06:00
0847,	038,	2017-09-23 20:07:00
0848,	049,	2017-09-23 20:08:00
0849,	032,	2017-09-23 20:09:00
0850,	050,	2017-09-23 20:10:00
0851,	042,	2017-09-23 20:11:00
0852,	105,	2017-09-23 20:12:00
0853,	125,	2017-09-23 20:13:00
0854,	063,	2017-09-23 20:14:00
0855,	042,	2017-09-23 20:15:00
0856,	055,	2017-09-23 20:16:00
0857,	019,	2017-09-23 20:17:00
0858,	051,	2017-09-23 20:18:00
0859,	020,	2017-09-23 20:19:00
0860,	028,	2017-09-23 20:20:00
0861,	030,	2017-09-23 20:21:00
0862,	019,	2017-09-23 20:22:00
0863,	025,	2017-09-23 20:23:00
0864,	029,	2017-09-23 20:24:00
0865,	046,	2017-09-23 20:25:00
0866,	029,	2017-09-23 20:26:00
0867,	025,	2017-09-23 20:27:00
0868,	026,	2017-09-23 20:28:00
0869,	118,	2017-09-23 20:29:00
0870,	041,	2017-09-23 20:30:00
0871,	030,	2017-09-23 20:31:00
0872,	032,	2017-09-23 20:32:00
0873,	031,	2017-09-23 20:33:00
0874,	161,	2017-09-23 20:34:00
0875,	074,	2017-09-23 20:35:00
0876,	042,	2017-09-23 20:36:00
0877,	032,	2017-09-23 20:37:00
0878,	026,	2017-09-23 20:38:00
0879,	022,	2017-09-23 20:39:00
0880,	012,	2017-09-23 20:40:00
0881,	015,	2017-09-23 20:41:00
0882,	016,	2017-09-23 20:42:00
0883,	018,	2017-09-23 20:43:00
0884,	018,	2017-09-23 20:44:00
0885,	026,	2017-09-23 20:45:00
0886,	020,	2017-09-23 20:46:00
0887,	031,	2017-09-23 20:47:00
0888,	032,	2017-09-23 20:48:00
0889,	019,	2017-09-23 20:49:00
0890,	017,	2017-09-23 20:50:00
0891,	023,	2017-09-23 20:51:00
0892,	017,	2017-09-23 20:52:00
0893,	019,	2017-09-23 20:53:00
0894,	023,	2017-09-23 20:54:00
0895,	028,	2017-09-23 20:55:00
0896,	024,	2017-09-23 20:56:00
0897,	015,	2017-09-23 20:57:00
0898,	041,	2017-09-23 20:58:00
0899,	036,	2017-09-23 20:59:00
0900,	034,	2017-09-23 21:00:00
0901,	019,	2017-09-23 21:01:00
0902,	025,	2017-09-23 21:02:00
0903,	016,	2017-09-23 21:03:00
0904,	010,	2017-09-23 21:04:00
0905,	014,	2017-09-23 21:05:00
0906,	053,	2017-09-23 21:06:00
0907,	018,	2017-09-23 21:07:00
0908,	011,	2017-09-23 21:08:00
0909,	017,	2017-09-23 21:09:00
0910,	013,	2017-09-23 21:10:00
0911,	015,	2017-09-23 21:11:00
0912,	015,	2017-09-23 21:12:00
0913,	037,	2017-09-23 21:13:00
0914,	016,	2017-09-23 21:14:00
0915,	023,	2017-09-23 21:15:00
0916,	013,	2017-09-23 21:16:00
0917,	016,	2017-09-23 21:17:00
0918,	021,	2017-09-23 21:18:00
0919,	019,	2017-09-23 21:19:00
0920,	019,	2017-09-23 21:20:00
0921,	029,	2017-09-23 21:21:00
0922,	025,	2017-09-23 21:22:00
0923,	031,	2017-09-23 21:23:00
0924,	025,	2017-09-23 21:24:00
0925,	083,	2017-09-23 21:25:00
0926,	030,	2017-09-23 21:26:00
0927,	026,	2017-09-23 21:27:00
0928,	014,	2017-09-23 21:28:00
0929,	023,	2017-09-23 21:29:00
0930,	021,	2017-09-23 21:30:00
0931,	122,	2017-09-23 21:31:00
0932,	045,	2017-09-23 21:32:00
0933,	123,	2017-09-23 21:33:00
0934,	060,	2017-09-23 21:34:00
0935,	024,	2017-09-23 21:35:00
0936,	029,	2017-09-23 21:36:00
0937,	081,	2017-09-23 21:37:00
0938,	067,	2017-09-23 21:38:00
0939,	036,	2017-09-23 21:39:00
0940,	024,	2017-09-23 21:40:00
0941,	026,	2017-09-23 21:41:00
0942,	036,	2017-09-23 21:42:00
0943,	032,	2017-09-23 21:43:00
0944,	061,	2017-09-23 21:44:00
0945,	064,	2017-09-23 21:45:00
0946,	032,	2017-09-23 21:46:00
0947,	047,	2017-09-23 21:47:00
0948,	155,	2017-09-23 21:48:00
0949,	054,	2017-09-23 21:49:00
0950,	054,	2017-09-23 21:50:00
0951,	111,	2017-09-23 21:51:00
0952,	058,	2017-09-23 21:52:00
0953,	038,	2017-09-23 21:53:00
0954,	036,	2017-09-23 21:54:00
0955,	031,	2017-09-23 21:55:00
0956,	044,	2017-09-23 21:56:00
0957,	016,	2017-09-23 21:57:00
0958,	017,	2017-09-23 21:58:00
0959,	027,	2017-09-23 21:59:00
0960,	028,	2017-09-23 22:00:00
0961,	036,	2017-09-23 22:01:00
0962,	027,	2017-09-23 22:02:00
0963,	051,	2017-09-23 22:03:00
0964,	017,	2017-09-23 22:04:00
0965,	020,	2017-09-23 22:05:00
0966,	016,	2017-09-23 22:06:00
0967,	011,	2017-09-23 22:07:00
0968,	012,	2017-09-23 22:08:00
0969,	019,	2017-09-23 22:09:00
0970,	023,	2017-09-23 22:10:00
0971,	007,	2017-09-23 22:11:00
0972,	021,	2017-09-23 22:12:00
0973,	056,	2017-09-23 22:13:00
0974,	048,	2017-09-23 22:14:00
0975,	021,	2017-09-23 22:15:00
0976,	037,	2017-09-23 22:16:00
0977,	029,	2017-09-23 22:17:00
0978,	027,	2017-09-23 22:18:00
0979,	036,	2017-09-23 22:19:00
0980,	035,	2017-09-23 22:20:00
0981,	020,	2017-09-23 22:21:00
0982,	015,	2017-09-23 22:22:00
0983,	024,	2017-09-23 22:23:00
0984,	044,	2017-09-23 22:24:00
0985,	049,	2017-09-23 22:25:00
0986,	018,	2017-09-23 22:26:00
0987,	010,	2017-09-23 22:27:00
0988,	064,	2017-09-23 22:28:00
0989,	036,	2017-09-23 22:29:00
0990,	039,	2017-09-23 22:30:00
0991,	046,	2017-09-23 22:31:00
0992,	030,	2017-09-23 22:32:00
0993,	048,	2017-09-23 22:33:00
0994,	061,	2017-09-23 22:34:00
0995,	032,	2017-09-23 22:35:00
0996,	035,	2017-09-23 22:36:00
0997,	104,	2017-09-23 22:37:00
0998,	016,	2017-09-23 22:38:00
0999,	019,	2017-09-23 22:39:00
1000,	015,	2017-09-23 22:40:00
1001,	022,	2017-09-23 22:41:00
1002,	011,	2017-09-23 22:42:00
1003,	028,	2017-09-23 22:43:00
1004,	027,	2017-09-23 22:44:00
1005,	028,	2017-09-23 22:45:00
1006,	023,	2017-09-23 22:46:00
1007,	070,	2017-09-23 22:47:00
1008,	089,	2017-09-23 22:48:00
1009,	034,	2017-09-23 22:49:00
1010,	095,	2017-09-23 22:50:00
1011,	055,	2017-09-23 22:51:00
1012,	016,	2017-09-23 22:52:00
1013,	021,	2017-09-23 22:53:00
1014,	014,	2017-09-23 22:54:00
1015,	094,	2017-09-23 22:55:00
1016,	048,	2017-09-23 22:56:00
1017,	017,	2017-09-23 22:57:00
1018,	127,	2017-09-23 22:58:00
1019,	073,	2017-09-23 22:59:00
1020,	038,	2017-09-23 23:00:00
1021,	036,	2017-09-23 23:01:00
1022,	046,	2017-09-23 23:02:00
1023,	062,	2017-09-23 23:03:00
1024,	058,	2017-09-23 23:04:00
1025,	040,	2017-09-23 23:05:00
1026,	042,	2017-09-23 23:06:00
1027,	059,	2017-09-23 23:07:00
1028,	066,	2017-09-23 23:08:00
1029,	082,	2017-09-23 23:09:00
1030,	094,	2017-09-23 23:10:00
1031,	060,	2017-09-23 23:11:00
1032,	062,	2017-09-23 23:12:00
1033,	058,	2017-09-23 23:13:00
1034,	045,	2017-09-23 23:14:00
1035,	037,	2017-09-23 23:15:00
1036,	046,	2017-09-23 23:16:00
1037,	033,	2017-09-23 23:17:00
1038,	043,	2017-09-23 23:18:00
1039,	042,	2017-09-23 23:19:00
1040,	044,	2017-09-23 23:20:00
1041,	075,	2017-09-23 23:21:00
1042,	054,	2017-09-23 23:22:00
1043,	039,	2017-09-23 23:23:00
1044,	047,	2017-09-23 23:24:00
1045,	034,	2017-09-23 23:25:00
1046,	041,	2017-09-23 23:26:00
1047,	057,	2017-09-23 23:27:00
1048,	028,	2017-09-23 23:28:00
1049,	029,	2017-09-23 23:29:00
1050,	029,	2017-09-23 23:30:00
1051,	023,	2017-09-23 23:31:00
1052,	053,	2017-09-23 23:32:00
1053,	043,	2017-09-23 23:33:00
1054,	027,	2017-09-23 23:34:00
1055,	035,	2017-09-23 23:35:00
1056,	029,	2017-09-23 23:36:00
1057,	033,	2017-09-23 23:37:00
1058,	035,	2017-09-23 23:38:00
1059,	021,	2017-09-23 23:39:00
1060,	058,	2017-09-23 23:40:00
1061,	024,	2017-09-23 23:41:00
1062,	034,	2017-09-23 23:42:00
1063,	035,	2017-09-23 23:43:00
1064,	031,	2017-09-23 23:44:00
1065,	025,	2017-09-23 23:45:00
1066,	185,	2017-09-23 23:46:00
1067,	132,	2017-09-23 23:47:00
1068,	029,	2017-09-23 23:48:00
1069,	035,	2017-09-23 23:49:00
1070,	129,	2017-09-23 23:50:00
1071,	067,	2017-09-23 23:51:00
1072,	073,	2017-09-23 23:52:00
1073,	024,	2017-09-23 23:53:00
1074,	142,	2017-09-23 23:54:00
1075,	075,	2017-09-23 23:55:00
1076,	106,	2017-09-23 23:56:00
1077,	055,	2017-09-23 23:57:00
1078,	073,	2017-09-23 23:58:00
1080,	041,	2017-09-24 00:00:00
1081,	032,	2017-09-24 00:01:00
1082,	024,	2017-09-24 00:02:00
1083,	072,	2017-09-24 00:03:00
1084,	052,	2017-09-24 00:04:00
1085,	016,	2017-09-24 00:05:00
1086,	039,	2017-09-24 00:06:00
1087,	036,	2017-09-24 00:07:00
1088,	025,	2017-09-24 00:08:00
1089,	020,	2017-09-24 00:09:00
1090,	036,	2017-09-24 00:10:00
1091,	072,	2017-09-24 00:11:00
1092,	029,	2017-09-24 00:12:00
1093,	030,	2017-09-24 00:13:00
1094,	048,	2017-09-24 00:14:00
1095,	065,	2017-09-24 00:15:00
1096,	078,	2017-09-24 00:16:00
1097,	035,	2017-09-24 00:17:00
1098,	019,	2017-09-24 00:18:00
1099,	079,	2017-09-24 00:19:00
1100,	177,	2017-09-24 00:20:00
1101,	088,	2017-09-24 00:21:00
1102,	029,	2017-09-24 00:22:00
1103,	052,	2017-09-24 00:23:00
1104,	058,	2017-09-24 00:24:00
1105,	033,	2017-09-24 00:25:00
1106,	037,	2017-09-24 00:26:00
1107,	041,	2017-09-24 00:27:00
1108,	021,	2017-09-24 00:28:00
1109,	019,	2017-09-24 00:29:00
1110,	038,	2017-09-24 00:30:00
1111,	038,	2017-09-24 00:31:00
1112,	038,	2017-09-24 00:32:00
1113,	032,	2017-09-24 00:33:00
1114,	058,	2017-09-24 00:34:00
1115,	093,	2017-09-24 00:35:00
1116,	045,	2017-09-24 00:36:00
1117,	040,	2017-09-24 00:37:00
1118,	136,	2017-09-24 00:38:00
1119,	042,	2017-09-24 00:39:00
1120,	022,	2017-09-24 00:40:00
1121,	061,	2017-09-24 00:41:00
1122,	097,	2017-09-24 00:42:00
1123,	113,	2017-09-24 00:43:00
1124,	042,	2017-09-24 00:44:00
1125,	026,	2017-09-24 00:45:00
1126,	025,	2017-09-24 00:46:00
1127,	019,	2017-09-24 00:47:00
1128,	009,	2017-09-24 00:48:00
1129,	039,	2017-09-24 00:49:00
1130,	115,	2017-09-24 00:50:00
1131,	113,	2017-09-24 00:51:00
1132,	038,	2017-09-24 00:52:00
1133,	024,	2017-09-24 00:53:00
1134,	070,	2017-09-24 00:54:00
1135,	008,	2017-09-24 00:55:00
1136,	023,	2017-09-24 00:56:00
1137,	018,	2017-09-24 00:57:00
1138,	018,	2017-09-24 00:58:00
1139,	016,	2017-09-24 00:59:00
1140,	031,	2017-09-24 01:00:00
1141,	045,	2017-09-24 01:01:00
1142,	058,	2017-09-24 01:02:00
1143,	073,	2017-09-24 01:03:00
1144,	014,	2017-09-24 01:04:00
1145,	011,	2017-09-24 01:05:00
1146,	022,	2017-09-24 01:06:00
1147,	011,	2017-09-24 01:07:00
1148,	015,	2017-09-24 01:08:00
1149,	018,	2017-09-24 01:09:00
1150,	008,	2017-09-24 01:10:00
1151,	027,	2017-09-24 01:11:00
1152,	013,	2017-09-24 01:12:00
1153,	018,	2017-09-24 01:13:00
1154,	016,	2017-09-24 01:14:00
1155,	030,	2017-09-24 01:15:00
1156,	079,	2017-09-24 01:16:00
1157,	041,	2017-09-24 01:17:00
1158,	038,	2017-09-24 01:18:00
1159,	025,	2017-09-24 01:19:00
1160,	050,	2017-09-24 01:20:00
1161,	015,	2017-09-24 01:21:00
1162,	013,	2017-09-24 01:22:00
1163,	021,	2017-09-24 01:23:00
1164,	023,	2017-09-24 01:24:00
1165,	019,	2017-09-24 01:25:00
1166,	032,	2017-09-24 01:26:00
1167,	027,	2017-09-24 01:27:00
1168,	024,	2017-09-24 01:28:00
1169,	029,	2017-09-24 01:29:00
1170,	054,	2017-09-24 01:30:00
1171,	085,	2017-09-24 01:31:00
1172,	021,	2017-09-24 01:32:00
1173,	019,	2017-09-24 01:33:00
1174,	028,	2017-09-24 01:34:00
1175,	051,	2017-09-24 01:35:00
1176,	008,	2017-09-24 01:36:00
1177,	040,	2017-09-24 01:37:00
1178,	004,	2017-09-24 01:38:00
1179,	010,	2017-09-24 01:39:00
1180,	020,	2017-09-24 01:40:00
1181,	027,	2017-09-24 01:41:00
1182,	024,	2017-09-24 01:42:00
1183,	011,	2017-09-24 01:43:00
1184,	034,	2017-09-24 01:44:00
1185,	048,	2017-09-24 01:45:00
1186,	015,	2017-09-24 01:46:00
1187,	034,	2017-09-24 01:47:00
1188,	033,	2017-09-24 01:48:00
1189,	034,	2017-09-24 01:49:00
1190,	024,	2017-09-24 01:50:00
1191,	027,	2017-09-24 01:51:00
1192,	046,	2017-09-24 01:52:00
1193,	035,	2017-09-24 01:53:00
1194,	031,	2017-09-24 01:54:00
1195,	029,	2017-09-24 01:55:00
1196,	069,	2017-09-24 01:56:00
1197,	041,	2017-09-24 01:57:00
1198,	043,	2017-09-24 01:58:00
1199,	025,	2017-09-24 01:59:00
1200,	096,	2017-09-24 02:00:00
1201,	052,	2017-09-24 02:01:00
1202,	233,	2017-09-24 02:02:00
1203,	105,	2017-09-24 02:03:00
1204,	068,	2017-09-24 02:04:00
1205,	047,	2017-09-24 02:05:00
1206,	080,	2017-09-24 02:06:00
1207,	057,	2017-09-24 02:07:00
1208,	028,	2017-09-24 02:08:00
1209,	056,	2017-09-24 02:09:00
1210,	061,	2017-09-24 02:10:00
1211,	028,	2017-09-24 02:11:00
1212,	019,	2017-09-24 02:12:00
1213,	028,	2017-09-24 02:13:00
1214,	018,	2017-09-24 02:14:00
1215,	028,	2017-09-24 02:15:00
1216,	029,	2017-09-24 02:16:00
1217,	035,	2017-09-24 02:17:00
1218,	024,	2017-09-24 02:18:00
1219,	023,	2017-09-24 02:19:00
1220,	035,	2017-09-24 02:20:00
1221,	176,	2017-09-24 02:21:00
1222,	135,	2017-09-24 02:22:00
1223,	038,	2017-09-24 02:23:00
1224,	039,	2017-09-24 02:24:00
1225,	025,	2017-09-24 02:25:00
1226,	011,	2017-09-24 02:26:00
1227,	044,	2017-09-24 02:27:00
1228,	030,	2017-09-24 02:28:00
1229,	047,	2017-09-24 02:29:00
1230,	031,	2017-09-24 02:30:00
1231,	045,	2017-09-24 02:31:00
1232,	028,	2017-09-24 02:32:00
1233,	068,	2017-09-24 02:33:00
1234,	039,	2017-09-24 02:34:00
1235,	021,	2017-09-24 02:35:00
1236,	044,	2017-09-24 02:36:00
1237,	086,	2017-09-24 02:37:00
1238,	014,	2017-09-24 02:38:00
1239,	012,	2017-09-24 02:39:00
1240,	015,	2017-09-24 02:40:00
1241,	018,	2017-09-24 02:41:00
1242,	025,	2017-09-24 02:42:00
1243,	032,	2017-09-24 02:43:00
1244,	045,	2017-09-24 02:44:00
1245,	060,	2017-09-24 02:45:00
1246,	028,	2017-09-24 02:46:00
1247,	024,	2017-09-24 02:47:00
1248,	048,	2017-09-24 02:48:00
1249,	048,	2017-09-24 02:49:00
1250,	108,	2017-09-24 02:50:00
1251,	060,	2017-09-24 02:51:00
1252,	100,	2017-09-24 02:52:00
1253,	060,	2017-09-24 02:53:00
1254,	028,	2017-09-24 02:54:00
1255,	061,	2017-09-24 02:55:00
1256,	021,	2017-09-24 02:56:00
1257,	083,	2017-09-24 02:57:00
1258,	062,	2017-09-24 02:58:00
1259,	042,	2017-09-24 02:59:00
1260,	033,	2017-09-24 03:00:00
1261,	075,	2017-09-24 03:01:00
1262,	028,	2017-09-24 03:02:00
1263,	064,	2017-09-24 03:03:00
1264,	020,	2017-09-24 03:04:00
1265,	048,	2017-09-24 03:05:00
1266,	033,	2017-09-24 03:06:00
1267,	041,	2017-09-24 03:07:00
1268,	051,	2017-09-24 03:08:00
1269,	036,	2017-09-24 03:09:00
1270,	086,	2017-09-24 03:10:00
1271,	082,	2017-09-24 03:11:00
1272,	078,	2017-09-24 03:12:00
1273,	116,	2017-09-24 03:13:00
1274,	036,	2017-09-24 03:14:00
1275,	065,	2017-09-24 03:15:00
1276,	096,	2017-09-24 03:16:00
1277,	082,	2017-09-24 03:17:00
1278,	047,	2017-09-24 03:18:00
1279,	053,	2017-09-24 03:19:00
1280,	032,	2017-09-24 03:20:00
1281,	029,	2017-09-24 03:21:00
1282,	015,	2017-09-24 03:22:00
1283,	026,	2017-09-24 03:23:00
1284,	033,	2017-09-24 03:24:00
1285,	019,	2017-09-24 03:25:00
1286,	033,	2017-09-24 03:26:00
1287,	019,	2017-09-24 03:27:00
1288,	020,	2017-09-24 03:28:00
1289,	051,	2017-09-24 03:29:00
1290,	033,	2017-09-24 03:30:00
1291,	023,	2017-09-24 03:31:00
1292,	010,	2017-09-24 03:32:00
1293,	018,	2017-09-24 03:33:00
1294,	026,	2017-09-24 03:34:00
1295,	017,	2017-09-24 03:35:00
1296,	151,	2017-09-24 03:36:00
1297,	043,	2017-09-24 03:37:00
1298,	017,	2017-09-24 03:38:00
1299,	034,	2017-09-24 03:39:00
1300,	098,	2017-09-24 03:40:00
1301,	069,	2017-09-24 03:41:00
1302,	058,	2017-09-24 03:42:00
1303,	019,	2017-09-24 03:43:00
1304,	140,	2017-09-24 03:44:00
1305,	048,	2017-09-24 03:45:00
1306,	039,	2017-09-24 03:46:00
1307,	027,	2017-09-24 03:47:00
1308,	028,	2017-09-24 03:48:00
1309,	019,	2017-09-24 03:49:00
1310,	023,	2017-09-24 03:50:00
1311,	033,	2017-09-24 03:51:00
1312,	035,	2017-09-24 03:52:00
1313,	031,	2017-09-24 03:53:00
1314,	027,	2017-09-24 03:54:00
1315,	034,	2017-09-24 03:55:00
1316,	025,	2017-09-24 03:56:00
1317,	109,	2017-09-24 03:57:00
1318,	025,	2017-09-24 03:58:00
1319,	024,	2017-09-24 03:59:00
1320,	045,	2017-09-24 04:00:00
1321,	059,	2017-09-24 04:01:00
1322,	102,	2017-09-24 04:02:00
1323,	062,	2017-09-24 04:03:00
1324,	054,	2017-09-24 04:04:00
1325,	051,	2017-09-24 04:05:00
1326,	078,	2017-09-24 04:06:00
1327,	080,	2017-09-24 04:07:00
1328,	064,	2017-09-24 04:08:00
1329,	102,	2017-09-24 04:09:00
1330,	114,	2017-09-24 04:10:00
1331,	033,	2017-09-24 04:11:00
1332,	052,	2017-09-24 04:12:00
1333,	023,	2017-09-24 04:13:00
1334,	026,	2017-09-24 04:14:00
1335,	030,	2017-09-24 04:15:00
1336,	023,	2017-09-24 04:16:00
1337,	030,	2017-09-24 04:17:00
1338,	064,	2017-09-24 04:18:00
1339,	060,	2017-09-24 04:19:00
1340,	036,	2017-09-24 04:20:00
1341,	045,	2017-09-24 04:21:00
1342,	036,	2017-09-24 04:22:00
1343,	018,	2017-09-24 04:23:00
1344,	047,	2017-09-24 04:24:00
1345,	108,	2017-09-24 04:25:00
1346,	027,	2017-09-24 04:26:00
1347,	023,	2017-09-24 04:27:00
1348,	064,	2017-09-24 04:28:00
1349,	030,	2017-09-24 04:29:00
1350,	014,	2017-09-24 04:30:00
1351,	077,	2017-09-24 04:31:00
1352,	009,	2017-09-24 04:32:00
1353,	015,	2017-09-24 04:33:00
1354,	023,	2017-09-24 04:34:00
1355,	007,	2017-09-24 04:35:00
1356,	042,	2017-09-24 04:36:00
1357,	030,	2017-09-24 04:37:00
1358,	015,	2017-09-24 04:38:00
1359,	018,	2017-09-24 04:39:00
1360,	017,	2017-09-24 04:40:00
1361,	014,	2017-09-24 04:41:00
1362,	016,	2017-09-24 04:42:00
1363,	024,	2017-09-24 04:43:00
1364,	011,	2017-09-24 04:44:00
1365,	007,	2017-09-24 04:45:00
1366,	018,	2017-09-24 04:46:00
1367,	039,	2017-09-24 04:47:00
1368,	021,	2017-09-24 04:48:00
1369,	051,	2017-09-24 04:49:00
1370,	017,	2017-09-24 04:50:00
1371,	027,	2017-09-24 04:51:00
1372,	022,	2017-09-24 04:52:00
1373,	079,	2017-09-24 04:53:00
1374,	033,	2017-09-24 04:54:00
1375,	026,	2017-09-24 04:55:00
1376,	030,	2017-09-24 04:56:00
1377,	029,	2017-09-24 04:57:00
1378,	025,	2017-09-24 04:58:00
1379,	021,	2017-09-24 04:59:00
1380,	018,	2017-09-24 05:00:00
1381,	017,	2017-09-24 05:01:00
1382,	096,	2017-09-24 05:02:00
1383,	040,	2017-09-24 05:03:00
1384,	022,	2017-09-24 05:04:00
1385,	018,	2017-09-24 05:05:00
1386,	016,	2017-09-24 05:06:00
1387,	009,	2017-09-24 05:07:00
1388,	090,	2017-09-24 05:08:00
1389,	062,	2017-09-24 05:09:00
1390,	112,	2017-09-24 05:10:00
1391,	087,	2017-09-24 05:11:00
1392,	065,	2017-09-24 05:12:00
1393,	031,	2017-09-24 05:13:00
1394,	090,	2017-09-24 05:14:00
1395,	072,	2017-09-24 05:15:00
1396,	065,	2017-09-24 05:16:00
1397,	061,	2017-09-24 05:17:00
1398,	049,	2017-09-24 05:18:00
1399,	062,	2017-09-24 05:19:00
1400,	061,	2017-09-24 05:20:00
1401,	054,	2017-09-24 05:21:00
1402,	063,	2017-09-24 05:22:00
1403,	067,	2017-09-24 05:23:00
1404,	058,	2017-09-24 05:24:00
1405,	100,	2017-09-24 05:25:00
1406,	092,	2017-09-24 05:26:00
1407,	057,	2017-09-24 05:27:00
1408,	108,	2017-09-24 05:28:00
1409,	073,	2017-09-24 05:29:00
1410,	098,	2017-09-24 05:30:00
1411,	183,	2017-09-24 05:31:00
1412,	098,	2017-09-24 05:32:00
1413,	049,	2017-09-24 05:33:00
1414,	070,	2017-09-24 05:34:00
1415,	067,	2017-09-24 05:35:00
1416,	082,	2017-09-24 05:36:00
1417,	060,	2017-09-24 05:37:00
1418,	090,	2017-09-24 05:38:00
1419,	099,	2017-09-24 05:39:00
1420,	061,	2017-09-24 05:40:00
1421,	113,	2017-09-24 05:41:00
1422,	063,	2017-09-24 05:42:00
1423,	071,	2017-09-24 05:43:00
1424,	086,	2017-09-24 05:44:00
1425,	068,	2017-09-24 05:45:00
1426,	070,	2017-09-24 05:46:00
1427,	068,	2017-09-24 05:47:00
1428,	093,	2017-09-24 05:48:00
1429,	084,	2017-09-24 05:49:00
1430,	072,	2017-09-24 05:50:00
1431,	072,	2017-09-24 05:51:00
1432,	118,	2017-09-24 05:52:00
1433,	253,	2017-09-24 05:53:00
1434,	155,	2017-09-24 05:54:00
1435,	038,	2017-09-24 05:55:00
1436,	036,	2017-09-24 05:56:00
1437,	026,	2017-09-24 05:57:00
1438,	107,	2017-09-24 05:58:00
1439,	024,	2017-09-24 05:59:00
1440,	023,	2017-09-24 18:00:00
1441,	091,	2017-09-24 18:01:00
1442,	143,	2017-09-24 18:02:00
1443,	077,	2017-09-24 18:03:00
1444,	083,	2017-09-24 18:04:00
1445,	091,	2017-09-24 18:05:00
1446,	100,	2017-09-24 18:06:00
1447,	103,	2017-09-24 18:07:00
1448,	079,	2017-09-24 18:08:00
1449,	099,	2017-09-24 18:09:00
1450,	056,	2017-09-24 18:10:00
1451,	071,	2017-09-24 18:11:00
1452,	086,	2017-09-24 18:12:00
1453,	049,	2017-09-24 18:13:00
1454,	112,	2017-09-24 18:14:00
1455,	151,	2017-09-24 18:15:00
1456,	063,	2017-09-24 18:16:00
1457,	055,	2017-09-24 18:17:00
1458,	102,	2017-09-24 18:18:00
1459,	054,	2017-09-24 18:19:00
1460,	063,	2017-09-24 18:20:00
1461,	056,	2017-09-24 18:21:00
1462,	063,	2017-09-24 18:22:00
1463,	079,	2017-09-24 18:23:00
1464,	039,	2017-09-24 18:24:00
1465,	056,	2017-09-24 18:25:00
1466,	051,	2017-09-24 18:26:00
1467,	062,	2017-09-24 18:27:00
1468,	102,	2017-09-24 18:28:00
1469,	130,	2017-09-24 18:29:00
1470,	104,	2017-09-24 18:30:00
1471,	098,	2017-09-24 18:31:00
1472,	066,	2017-09-24 18:32:00
1473,	042,	2017-09-24 18:33:00
1474,	111,	2017-09-24 18:34:00
1475,	078,	2017-09-24 18:35:00
1476,	089,	2017-09-24 18:36:00
1477,	083,	2017-09-24 18:37:00
1478,	108,	2017-09-24 18:38:00
1479,	064,	2017-09-24 18:39:00
1480,	031,	2017-09-24 18:40:00
1481,	028,	2017-09-24 18:41:00
1482,	124,	2017-09-24 18:42:00
1483,	035,	2017-09-24 18:43:00
1484,	063,	2017-09-24 18:44:00
1485,	087,	2017-09-24 18:45:00
1486,	033,	2017-09-24 18:46:00
1487,	044,	2017-09-24 18:47:00
1488,	067,	2017-09-24 18:48:00
1489,	088,	2017-09-24 18:49:00
1490,	080,	2017-09-24 18:50:00
1491,	091,	2017-09-24 18:51:00
1492,	087,	2017-09-24 18:52:00
1493,	074,	2017-09-24 18:53:00
1494,	033,	2017-09-24 18:54:00
1495,	037,	2017-09-24 18:55:00
1496,	046,	2017-09-24 18:56:00
1497,	056,	2017-09-24 18:57:00
1498,	099,	2017-09-24 18:58:00
1499,	075,	2017-09-24 18:59:00
1500,	044,	2017-09-24 19:00:00
1501,	054,	2017-09-24 19:01:00
1502,	058,	2017-09-24 19:02:00
1503,	074,	2017-09-24 19:03:00
1504,	087,	2017-09-24 19:04:00
1505,	107,	2017-09-24 19:05:00
1506,	143,	2017-09-24 19:06:00
1507,	219,	2017-09-24 19:07:00
1508,	221,	2017-09-24 19:08:00
1509,	142,	2017-09-24 19:09:00
1510,	299,	2017-09-24 19:10:00
1511,	165,	2017-09-24 19:11:00
1512,	186,	2017-09-24 19:12:00
1513,	060,	2017-09-24 19:13:00
1514,	155,	2017-09-24 19:14:00
1515,	156,	2017-09-24 19:15:00
1516,	100,	2017-09-24 19:16:00
1517,	172,	2017-09-24 19:17:00
1518,	090,	2017-09-24 19:18:00
1519,	141,	2017-09-24 19:19:00
1520,	052,	2017-09-24 19:20:00
1521,	025,	2017-09-24 19:21:00
1522,	059,	2017-09-24 19:22:00
1523,	038,	2017-09-24 19:23:00
1524,	050,	2017-09-24 19:24:00
1525,	033,	2017-09-24 19:25:00
1526,	026,	2017-09-24 19:26:00
1527,	125,	2017-09-24 19:27:00
1528,	068,	2017-09-24 19:28:00
1529,	129,	2017-09-24 19:29:00
1530,	044,	2017-09-24 19:30:00
1531,	044,	2017-09-24 19:31:00
1532,	053,	2017-09-24 19:32:00
1533,	082,	2017-09-24 19:33:00
1534,	036,	2017-09-24 19:34:00
1535,	054,	2017-09-24 19:35:00
1536,	040,	2017-09-24 19:36:00
1537,	039,	2017-09-24 19:37:00
1538,	050,	2017-09-24 19:38:00
1539,	121,	2017-09-24 19:39:00
1540,	115,	2017-09-24 19:40:00
1541,	035,	2017-09-24 19:41:00
1542,	044,	2017-09-24 19:42:00
1543,	064,	2017-09-24 19:43:00
1544,	169,	2017-09-24 19:44:00
1545,	042,	2017-09-24 19:45:00
1546,	092,	2017-09-24 19:46:00
1547,	047,	2017-09-24 19:47:00
1548,	064,	2017-09-24 19:48:00
1549,	039,	2017-09-24 19:49:00
1550,	114,	2017-09-24 19:50:00
1551,	152,	2017-09-24 19:51:00
1552,	031,	2017-09-24 19:52:00
1553,	072,	2017-09-24 19:53:00
1554,	057,	2017-09-24 19:54:00
1555,	071,	2017-09-24 19:55:00
1556,	066,	2017-09-24 19:56:00
1557,	056,	2017-09-24 19:57:00
1558,	142,	2017-09-24 19:58:00
1559,	025,	2017-09-24 19:59:00
1560,	026,	2017-09-24 20:00:00
1561,	082,	2017-09-24 20:01:00
1562,	083,	2017-09-24 20:02:00
1563,	076,	2017-09-24 20:03:00
1564,	081,	2017-09-24 20:04:00
1565,	056,	2017-09-24 20:05:00
1566,	037,	2017-09-24 20:06:00
1567,	031,	2017-09-24 20:07:00
1568,	019,	2017-09-24 20:08:00
1569,	042,	2017-09-24 20:09:00
1570,	037,	2017-09-24 20:10:00
1571,	138,	2017-09-24 20:11:00
1572,	087,	2017-09-24 20:12:00
1573,	051,	2017-09-24 20:13:00
1574,	055,	2017-09-24 20:14:00
1575,	087,	2017-09-24 20:15:00
1576,	024,	2017-09-24 20:16:00
1577,	044,	2017-09-24 20:17:00
1578,	029,	2017-09-24 20:18:00
1579,	091,	2017-09-24 20:19:00
1580,	063,	2017-09-24 20:20:00
1581,	044,	2017-09-24 20:21:00
1582,	062,	2017-09-24 20:22:00
1583,	143,	2017-09-24 20:23:00
1584,	026,	2017-09-24 20:24:00
1585,	050,	2017-09-24 20:25:00
1586,	037,	2017-09-24 20:26:00
1587,	021,	2017-09-24 20:27:00
1588,	049,	2017-09-24 20:28:00
1589,	083,	2017-09-24 20:29:00
1590,	075,	2017-09-24 20:30:00
1591,	064,	2017-09-24 20:31:00
1592,	068,	2017-09-24 20:32:00
1593,	041,	2017-09-24 20:33:00
1594,	032,	2017-09-24 20:34:00
1595,	114,	2017-09-24 20:35:00
1596,	043,	2017-09-24 20:36:00
1597,	031,	2017-09-24 20:37:00
1598,	019,	2017-09-24 20:38:00
1599,	039,	2017-09-24 20:39:00
1600,	091,	2017-09-24 20:40:00
1601,	046,	2017-09-24 20:41:00
1602,	032,	2017-09-24 20:42:00
1603,	019,	2017-09-24 20:43:00
1604,	021,	2017-09-24 20:44:00
1605,	020,	2017-09-24 20:45:00
1606,	024,	2017-09-24 20:46:00
1607,	012,	2017-09-24 20:47:00
1608,	026,	2017-09-24 20:48:00
1609,	016,	2017-09-24 20:49:00
1610,	024,	2017-09-24 20:50:00
1611,	029,	2017-09-24 20:51:00
1612,	013,	2017-09-24 20:52:00
1613,	027,	2017-09-24 20:53:00
1614,	016,	2017-09-24 20:54:00
1615,	031,	2017-09-24 20:55:00
1616,	009,	2017-09-24 20:56:00
1617,	027,	2017-09-24 20:57:00
1618,	038,	2017-09-24 20:58:00
1619,	015,	2017-09-24 20:59:00
1620,	093,	2017-09-24 21:00:00
1621,	096,	2017-09-24 21:01:00
1622,	089,	2017-09-24 21:02:00
1623,	052,	2017-09-24 21:03:00
1624,	047,	2017-09-24 21:04:00
1625,	022,	2017-09-24 21:05:00
1626,	028,	2017-09-24 21:06:00
1627,	054,	2017-09-24 21:07:00
1628,	052,	2017-09-24 21:08:00
1629,	065,	2017-09-24 21:09:00
1630,	039,	2017-09-24 21:10:00
1631,	024,	2017-09-24 21:11:00
1632,	042,	2017-09-24 21:12:00
1633,	086,	2017-09-24 21:13:00
1634,	019,	2017-09-24 21:14:00
1635,	038,	2017-09-24 21:15:00
1636,	063,	2017-09-24 21:16:00
1637,	027,	2017-09-24 21:17:00
1638,	036,	2017-09-24 21:18:00
1639,	039,	2017-09-24 21:19:00
1640,	034,	2017-09-24 21:20:00
1641,	013,	2017-09-24 21:21:00
1642,	012,	2017-09-24 21:22:00
1643,	016,	2017-09-24 21:23:00
1644,	021,	2017-09-24 21:24:00
1645,	015,	2017-09-24 21:25:00
1646,	014,	2017-09-24 21:26:00
1647,	074,	2017-09-24 21:27:00
1648,	047,	2017-09-24 21:28:00
1649,	018,	2017-09-24 21:29:00
1650,	036,	2017-09-24 21:30:00
1651,	019,	2017-09-24 21:31:00
1652,	041,	2017-09-24 21:32:00
1653,	032,	2017-09-24 21:33:00
1654,	024,	2017-09-24 21:34:00
1655,	020,	2017-09-24 21:35:00
1656,	032,	2017-09-24 21:36:00
1657,	052,	2017-09-24 21:37:00
1658,	016,	2017-09-24 21:38:00
1659,	033,	2017-09-24 21:39:00
1660,	026,	2017-09-24 21:40:00
1661,	028,	2017-09-24 21:41:00
1662,	039,	2017-09-24 21:42:00
1663,	052,	2017-09-24 21:43:00
1664,	049,	2017-09-24 21:44:00
1665,	033,	2017-09-24 21:45:00
1666,	021,	2017-09-24 21:46:00
1667,	058,	2017-09-24 21:47:00
1668,	124,	2017-09-24 21:48:00
1669,	086,	2017-09-24 21:49:00
1670,	114,	2017-09-24 21:50:00
1671,	038,	2017-09-24 21:51:00
1672,	028,	2017-09-24 21:52:00
1673,	051,	2017-09-24 21:53:00
1674,	044,	2017-09-24 21:54:00
1675,	037,	2017-09-24 21:55:00
1676,	052,	2017-09-24 21:56:00
1677,	062,	2017-09-24 21:57:00
1678,	037,	2017-09-24 21:58:00
1679,	047,	2017-09-24 21:59:00
1680,	054,	2017-09-24 22:00:00
1681,	067,	2017-09-24 22:01:00
1682,	062,	2017-09-24 22:02:00
1683,	052,	2017-09-24 22:03:00
1684,	041,	2017-09-24 22:04:00
1685,	071,	2017-09-24 22:05:00
1686,	064,	2017-09-24 22:06:00
1687,	053,	2017-09-24 22:07:00
1688,	176,	2017-09-24 22:08:00
1689,	099,	2017-09-24 22:09:00
1690,	078,	2017-09-24 22:10:00
1691,	092,	2017-09-24 22:11:00
1692,	116,	2017-09-24 22:12:00
1693,	174,	2017-09-24 22:13:00
1694,	200,	2017-09-24 22:14:00
1695,	145,	2017-09-24 22:15:00
1696,	098,	2017-09-24 22:16:00
1697,	141,	2017-09-24 22:17:00
1698,	149,	2017-09-24 22:18:00
1699,	127,	2017-09-24 22:19:00
1700,	089,	2017-09-24 22:20:00
1701,	405,	2017-09-24 22:21:00
1702,	382,	2017-09-24 22:22:00
1703,	181,	2017-09-24 22:23:00
1704,	108,	2017-09-24 22:24:00
1705,	096,	2017-09-24 22:25:00
1706,	210,	2017-09-24 22:26:00
1707,	085,	2017-09-24 22:27:00
1708,	087,	2017-09-24 22:28:00
1709,	057,	2017-09-24 22:29:00
1710,	052,	2017-09-24 22:30:00
1711,	050,	2017-09-24 22:31:00
1712,	023,	2017-09-24 22:32:00
1713,	068,	2017-09-24 22:33:00
1714,	101,	2017-09-24 22:34:00
1715,	094,	2017-09-24 22:35:00
1716,	073,	2017-09-24 22:36:00
1717,	057,	2017-09-24 22:37:00
1718,	116,	2017-09-24 22:38:00
1719,	049,	2017-09-24 22:39:00
1720,	019,	2017-09-24 22:40:00
1721,	088,	2017-09-24 22:41:00
1722,	028,	2017-09-24 22:42:00
1723,	157,	2017-09-24 22:43:00
1724,	118,	2017-09-24 22:44:00
1725,	139,	2017-09-24 22:45:00
1726,	090,	2017-09-24 22:46:00
1727,	069,	2017-09-24 22:47:00
1728,	044,	2017-09-24 22:48:00
1729,	047,	2017-09-24 22:49:00
1730,	037,	2017-09-24 22:50:00
1731,	022,	2017-09-24 22:51:00
1732,	017,	2017-09-24 22:52:00
1733,	122,	2017-09-24 22:53:00
1734,	115,	2017-09-24 22:54:00
1735,	099,	2017-09-24 22:55:00
1736,	019,	2017-09-24 22:56:00
1737,	026,	2017-09-24 22:57:00
1738,	060,	2017-09-24 22:58:00
1739,	095,	2017-09-24 22:59:00
1740,	091,	2017-09-24 23:00:00
1741,	040,	2017-09-24 23:01:00
1742,	072,	2017-09-24 23:02:00
1743,	049,	2017-09-24 23:03:00
1744,	070,	2017-09-24 23:04:00
1745,	037,	2017-09-24 23:05:00
1746,	076,	2017-09-24 23:06:00
1747,	046,	2017-09-24 23:07:00
1748,	049,	2017-09-24 23:08:00
1749,	109,	2017-09-24 23:09:00
1750,	019,	2017-09-24 23:10:00
1751,	040,	2017-09-24 23:11:00
1752,	033,	2017-09-24 23:12:00
1753,	036,	2017-09-24 23:13:00
1754,	061,	2017-09-24 23:14:00
1755,	049,	2017-09-24 23:15:00
1756,	032,	2017-09-24 23:16:00
1757,	117,	2017-09-24 23:17:00
1758,	096,	2017-09-24 23:18:00
1759,	037,	2017-09-24 23:19:00
1760,	112,	2017-09-24 23:20:00
1761,	083,	2017-09-24 23:21:00
1762,	034,	2017-09-24 23:22:00
1763,	040,	2017-09-24 23:23:00
1764,	046,	2017-09-24 23:24:00
1765,	054,	2017-09-24 23:25:00
1766,	037,	2017-09-24 23:26:00
1767,	050,	2017-09-24 23:27:00
1768,	080,	2017-09-24 23:28:00
1769,	032,	2017-09-24 23:29:00
1770,	069,	2017-09-24 23:30:00
1771,	062,	2017-09-24 23:31:00
1772,	066,	2017-09-24 23:32:00
1773,	015,	2017-09-24 23:33:00
1774,	022,	2017-09-24 23:34:00
1775,	043,	2017-09-24 23:35:00
1776,	034,	2017-09-24 23:36:00
1777,	022,	2017-09-24 23:37:00
1778,	051,	2017-09-24 23:38:00
1779,	163,	2017-09-24 23:39:00
1780,	113,	2017-09-24 23:40:00
1781,	050,	2017-09-24 23:41:00
1782,	025,	2017-09-24 23:42:00
1783,	038,	2017-09-24 23:43:00
1784,	107,	2017-09-24 23:44:00
1785,	291,	2017-09-24 23:45:00
1786,	043,	2017-09-24 23:46:00
1787,	137,	2017-09-24 23:47:00
1788,	071,	2017-09-24 23:48:00
1789,	034,	2017-09-24 23:49:00
1790,	079,	2017-09-24 23:50:00
1791,	080,	2017-09-24 23:51:00
1792,	046,	2017-09-24 23:52:00
1793,	055,	2017-09-24 23:53:00
1794,	168,	2017-09-24 23:54:00
1795,	138,	2017-09-24 23:55:00
1796,	178,	2017-09-24 23:56:00
1797,	110,	2017-09-24 23:57:00
1798,	084,	2017-09-24 23:58:00
1800,	138,	2017-09-25 00:00:00
1801,	084,	2017-09-25 00:01:00
1802,	100,	2017-09-25 00:02:00
1803,	105,	2017-09-25 00:03:00
1804,	145,	2017-09-25 00:04:00
1805,	070,	2017-09-25 00:05:00
1806,	178,	2017-09-25 00:06:00
1807,	140,	2017-09-25 00:07:00
1808,	089,	2017-09-25 00:08:00
1809,	200,	2017-09-25 00:09:00
1810,	070,	2017-09-25 00:10:00
1811,	032,	2017-09-25 00:11:00
1812,	028,	2017-09-25 00:12:00
1813,	018,	2017-09-25 00:13:00
1814,	035,	2017-09-25 00:14:00
1815,	019,	2017-09-25 00:15:00
1816,	022,	2017-09-25 00:16:00
1817,	026,	2017-09-25 00:17:00
1818,	021,	2017-09-25 00:18:00
1819,	090,	2017-09-25 00:19:00
1820,	052,	2017-09-25 00:20:00
1821,	042,	2017-09-25 00:21:00
1822,	031,	2017-09-25 00:22:00
1823,	063,	2017-09-25 00:23:00
1824,	024,	2017-09-25 00:24:00
1825,	060,	2017-09-25 00:25:00
1826,	027,	2017-09-25 00:26:00
1827,	069,	2017-09-25 00:27:00
1828,	052,	2017-09-25 00:28:00
1829,	033,	2017-09-25 00:29:00
1830,	086,	2017-09-25 00:30:00
1831,	096,	2017-09-25 00:31:00
1832,	060,	2017-09-25 00:32:00
1833,	029,	2017-09-25 00:33:00
1834,	031,	2017-09-25 00:34:00
1835,	028,	2017-09-25 00:35:00
1836,	027,	2017-09-25 00:36:00
1837,	022,	2017-09-25 00:37:00
1838,	030,	2017-09-25 00:38:00
1839,	051,	2017-09-25 00:39:00
1840,	066,	2017-09-25 00:40:00
1841,	038,	2017-09-25 00:41:00
1842,	041,	2017-09-25 00:42:00
1843,	045,	2017-09-25 00:43:00
1844,	022,	2017-09-25 00:44:00
1845,	032,	2017-09-25 00:45:00
1846,	066,	2017-09-25 00:46:00
1847,	029,	2017-09-25 00:47:00
1848,	035,	2017-09-25 00:48:00
1849,	050,	2017-09-25 00:49:00
1850,	045,	2017-09-25 00:50:00
1851,	068,	2017-09-25 00:51:00
1852,	101,	2017-09-25 00:52:00
1853,	071,	2017-09-25 00:53:00
1854,	049,	2017-09-25 00:54:00
1855,	012,	2017-09-25 00:55:00
1856,	020,	2017-09-25 00:56:00
1857,	028,	2017-09-25 00:57:00
1858,	031,	2017-09-25 00:58:00
1859,	065,	2017-09-25 00:59:00
1860,	053,	2017-09-25 01:00:00
1861,	086,	2017-09-25 01:01:00
1862,	083,	2017-09-25 01:02:00
1863,	072,	2017-09-25 01:03:00
1864,	020,	2017-09-25 01:04:00
1865,	049,	2017-09-25 01:05:00
1866,	036,	2017-09-25 01:06:00
1867,	121,	2017-09-25 01:07:00
1868,	092,	2017-09-25 01:08:00
1869,	042,	2017-09-25 01:09:00
1870,	048,	2017-09-25 01:10:00
1871,	053,	2017-09-25 01:11:00
1872,	064,	2017-09-25 01:12:00
1873,	102,	2017-09-25 01:13:00
1874,	103,	2017-09-25 01:14:00
1875,	269,	2017-09-25 01:15:00
1876,	163,	2017-09-25 01:16:00
1877,	054,	2017-09-25 01:17:00
1878,	054,	2017-09-25 01:18:00
1879,	053,	2017-09-25 01:19:00
1880,	056,	2017-09-25 01:20:00
1881,	042,	2017-09-25 01:21:00
1882,	113,	2017-09-25 01:22:00
1883,	037,	2017-09-25 01:23:00
1884,	021,	2017-09-25 01:24:00
1885,	018,	2017-09-25 01:25:00
1886,	035,	2017-09-25 01:26:00
1887,	044,	2017-09-25 01:27:00
1888,	009,	2017-09-25 01:28:00
1889,	030,	2017-09-25 01:29:00
1890,	031,	2017-09-25 01:30:00
1891,	100,	2017-09-25 01:31:00
1892,	092,	2017-09-25 01:32:00
1893,	079,	2017-09-25 01:33:00
1894,	086,	2017-09-25 01:34:00
1895,	055,	2017-09-25 01:35:00
1896,	088,	2017-09-25 01:36:00
1897,	115,	2017-09-25 01:37:00
1898,	058,	2017-09-25 01:38:00
1899,	043,	2017-09-25 01:39:00
1900,	061,	2017-09-25 01:40:00
1901,	039,	2017-09-25 01:41:00
1902,	162,	2017-09-25 01:42:00
1903,	131,	2017-09-25 01:43:00
1904,	057,	2017-09-25 01:44:00
1905,	030,	2017-09-25 01:45:00
1906,	048,	2017-09-25 01:46:00
1907,	058,	2017-09-25 01:47:00
1908,	029,	2017-09-25 01:48:00
1909,	019,	2017-09-25 01:49:00
1910,	040,	2017-09-25 01:50:00
1911,	032,	2017-09-25 01:51:00
1912,	075,	2017-09-25 01:52:00
1913,	029,	2017-09-25 01:53:00
1914,	046,	2017-09-25 01:54:00
1915,	038,	2017-09-25 01:55:00
1916,	056,	2017-09-25 01:56:00
1917,	036,	2017-09-25 01:57:00
1918,	081,	2017-09-25 01:58:00
1919,	047,	2017-09-25 01:59:00
1920,	024,	2017-09-25 02:00:00
1921,	028,	2017-09-25 02:01:00
1922,	029,	2017-09-25 02:02:00
1923,	048,	2017-09-25 02:03:00
1924,	029,	2017-09-25 02:04:00
1925,	048,	2017-09-25 02:05:00
1926,	050,	2017-09-25 02:06:00
1927,	025,	2017-09-25 02:07:00
1928,	034,	2017-09-25 02:08:00
1929,	020,	2017-09-25 02:09:00
1930,	032,	2017-09-25 02:10:00
1931,	105,	2017-09-25 02:11:00
1932,	054,	2017-09-25 02:12:00
1933,	093,	2017-09-25 02:13:00
1934,	147,	2017-09-25 02:14:00
1935,	090,	2017-09-25 02:15:00
1936,	030,	2017-09-25 02:16:00
1937,	083,	2017-09-25 02:17:00
1938,	057,	2017-09-25 02:18:00
1939,	126,	2017-09-25 02:19:00
1940,	061,	2017-09-25 02:20:00
1941,	071,	2017-09-25 02:21:00
1942,	129,	2017-09-25 02:22:00
1943,	045,	2017-09-25 02:23:00
1944,	056,	2017-09-25 02:24:00
1945,	165,	2017-09-25 02:25:00
1946,	126,	2017-09-25 02:26:00
1947,	104,	2017-09-25 02:27:00
1948,	104,	2017-09-25 02:28:00
1949,	184,	2017-09-25 02:29:00
1950,	106,	2017-09-25 02:30:00
1951,	213,	2017-09-25 02:31:00
1952,	107,	2017-09-25 02:32:00
1953,	080,	2017-09-25 02:33:00
1954,	138,	2017-09-25 02:34:00
1955,	232,	2017-09-25 02:35:00
1956,	166,	2017-09-25 02:36:00
1957,	145,	2017-09-25 02:37:00
1958,	154,	2017-09-25 02:38:00
1959,	211,	2017-09-25 02:39:00
1960,	193,	2017-09-25 02:40:00
1961,	100,	2017-09-25 02:41:00
1962,	076,	2017-09-25 02:42:00
1963,	104,	2017-09-25 02:43:00
1964,	110,	2017-09-25 02:44:00
1965,	106,	2017-09-25 02:45:00
1966,	203,	2017-09-25 02:46:00
1967,	262,	2017-09-25 02:47:00
1968,	425,	2017-09-25 02:48:00
1969,	344,	2017-09-25 02:49:00
1970,	238,	2017-09-25 02:50:00
1971,	142,	2017-09-25 02:51:00
1972,	156,	2017-09-25 02:52:00
1973,	215,	2017-09-25 02:53:00
1974,	085,	2017-09-25 02:54:00
1975,	091,	2017-09-25 02:55:00
1976,	068,	2017-09-25 02:56:00
1977,	137,	2017-09-25 02:57:00
1978,	055,	2017-09-25 02:58:00
1979,	081,	2017-09-25 02:59:00
1980,	075,	2017-09-25 03:00:00
1981,	085,	2017-09-25 03:01:00
1982,	066,	2017-09-25 03:02:00
1983,	070,	2017-09-25 03:03:00
1984,	103,	2017-09-25 03:04:00
1985,	113,	2017-09-25 03:05:00
1986,	175,	2017-09-25 03:06:00
1987,	160,	2017-09-25 03:07:00
1988,	096,	2017-09-25 03:08:00
1989,	065,	2017-09-25 03:09:00
1990,	060,	2017-09-25 03:10:00
1991,	121,	2017-09-25 03:11:00
1992,	055,	2017-09-25 03:12:00
1993,	043,	2017-09-25 03:13:00
1994,	056,	2017-09-25 03:14:00
1995,	041,	2017-09-25 03:15:00
1996,	043,	2017-09-25 03:16:00
1997,	051,	2017-09-25 03:17:00
1998,	058,	2017-09-25 03:18:00
1999,	213,	2017-09-25 03:19:00
2000,	178,	2017-09-25 03:20:00
2001,	099,	2017-09-25 03:21:00
2002,	260,	2017-09-25 03:22:00
2003,	184,	2017-09-25 03:23:00
2004,	186,	2017-09-25 03:24:00
2005,	137,	2017-09-25 03:25:00
2006,	174,	2017-09-25 03:26:00
2007,	158,	2017-09-25 03:27:00
2008,	126,	2017-09-25 03:28:00
2009,	136,	2017-09-25 03:29:00
2010,	219,	2017-09-25 03:30:00
2011,	232,	2017-09-25 03:31:00
2012,	130,	2017-09-25 03:32:00
2013,	083,	2017-09-25 03:33:00
2014,	117,	2017-09-25 03:34:00
2015,	118,	2017-09-25 03:35:00
2016,	149,	2017-09-25 03:36:00
2017,	072,	2017-09-25 03:37:00
2018,	154,	2017-09-25 03:38:00
2019,	102,	2017-09-25 03:39:00
2020,	221,	2017-09-25 03:40:00
2021,	152,	2017-09-25 03:41:00
2022,	119,	2017-09-25 03:42:00
2023,	193,	2017-09-25 03:43:00
2024,	089,	2017-09-25 03:44:00
2025,	093,	2017-09-25 03:45:00
2026,	051,	2017-09-25 03:46:00
2027,	160,	2017-09-25 03:47:00
2028,	082,	2017-09-25 03:48:00
2029,	100,	2017-09-25 03:49:00
2030,	147,	2017-09-25 03:50:00
2031,	128,	2017-09-25 03:51:00
2032,	101,	2017-09-25 03:52:00
2033,	159,	2017-09-25 03:53:00
2034,	214,	2017-09-25 03:54:00
2035,	161,	2017-09-25 03:55:00
2036,	133,	2017-09-25 03:56:00
2037,	180,	2017-09-25 03:57:00
2038,	105,	2017-09-25 03:58:00
2039,	128,	2017-09-25 03:59:00
2040,	256,	2017-09-25 04:00:00
2041,	244,	2017-09-25 04:01:00
2042,	223,	2017-09-25 04:02:00
2043,	405,	2017-09-25 04:03:00
2044,	130,	2017-09-25 04:04:00
2045,	130,	2017-09-25 04:05:00
2046,	206,	2017-09-25 04:06:00
2047,	125,	2017-09-25 04:07:00
2048,	099,	2017-09-25 04:08:00
2049,	206,	2017-09-25 04:09:00
2050,	120,	2017-09-25 04:10:00
2051,	222,	2017-09-25 04:11:00
2052,	305,	2017-09-25 04:12:00
2053,	103,	2017-09-25 04:13:00
2054,	062,	2017-09-25 04:14:00
2055,	215,	2017-09-25 04:15:00
2056,	170,	2017-09-25 04:16:00
2057,	146,	2017-09-25 04:17:00
2058,	149,	2017-09-25 04:18:00
2059,	154,	2017-09-25 04:19:00
2060,	074,	2017-09-25 04:20:00
2061,	078,	2017-09-25 04:21:00
2062,	109,	2017-09-25 04:22:00
2063,	145,	2017-09-25 04:23:00
2064,	192,	2017-09-25 04:24:00
2065,	091,	2017-09-25 04:25:00
2066,	088,	2017-09-25 04:26:00
2067,	128,	2017-09-25 04:27:00
2068,	080,	2017-09-25 04:28:00
2069,	098,	2017-09-25 04:29:00
2070,	144,	2017-09-25 04:30:00
2071,	099,	2017-09-25 04:31:00
2072,	169,	2017-09-25 04:32:00
2073,	212,	2017-09-25 04:33:00
2074,	118,	2017-09-25 04:34:00
2075,	115,	2017-09-25 04:35:00
2076,	153,	2017-09-25 04:36:00
2077,	171,	2017-09-25 04:37:00
2078,	136,	2017-09-25 04:38:00
2079,	150,	2017-09-25 04:39:00
2080,	235,	2017-09-25 04:40:00
2081,	237,	2017-09-25 04:41:00
2082,	187,	2017-09-25 04:42:00
2083,	068,	2017-09-25 04:43:00
2084,	164,	2017-09-25 04:44:00
2085,	108,	2017-09-25 04:45:00
2086,	103,	2017-09-25 04:46:00
2087,	074,	2017-09-25 04:47:00
2088,	208,	2017-09-25 04:48:00
2089,	064,	2017-09-25 04:49:00
2090,	115,	2017-09-25 04:50:00
2091,	125,	2017-09-25 04:51:00
2092,	211,	2017-09-25 04:52:00
2093,	121,	2017-09-25 04:53:00
2094,	061,	2017-09-25 04:54:00
2095,	144,	2017-09-25 04:55:00
2096,	071,	2017-09-25 04:56:00
2097,	053,	2017-09-25 04:57:00
2098,	125,	2017-09-25 04:58:00
2099,	187,	2017-09-25 04:59:00
2100,	157,	2017-09-25 05:00:00
2101,	151,	2017-09-25 05:01:00
2102,	124,	2017-09-25 05:02:00
2103,	120,	2017-09-25 05:03:00
2104,	093,	2017-09-25 05:04:00
2105,	102,	2017-09-25 05:05:00
2106,	138,	2017-09-25 05:06:00
2107,	127,	2017-09-25 05:07:00
2108,	117,	2017-09-25 05:08:00
2109,	212,	2017-09-25 05:09:00
2110,	470,	2017-09-25 05:10:00
2111,	184,	2017-09-25 05:11:00
2112,	616,	2017-09-25 05:12:00
2113,	232,	2017-09-25 05:13:00
2114,	184,	2017-09-25 05:14:00
2115,	313,	2017-09-25 05:15:00
2116,	077,	2017-09-25 05:16:00
2117,	117,	2017-09-25 05:17:00
2118,	105,	2017-09-25 05:18:00
2119,	115,	2017-09-25 05:19:00
2120,	128,	2017-09-25 05:20:00
2121,	233,	2017-09-25 05:21:00
2122,	113,	2017-09-25 05:22:00
2123,	071,	2017-09-25 05:23:00
2124,	052,	2017-09-25 05:24:00
2125,	048,	2017-09-25 05:25:00
2126,	059,	2017-09-25 05:26:00
2127,	074,	2017-09-25 05:27:00
2128,	092,	2017-09-25 05:28:00
2129,	096,	2017-09-25 05:29:00
2130,	080,	2017-09-25 05:30:00
2131,	096,	2017-09-25 05:31:00
2132,	094,	2017-09-25 05:32:00
2133,	074,	2017-09-25 05:33:00
2134,	103,	2017-09-25 05:34:00
2135,	099,	2017-09-25 05:35:00
2136,	089,	2017-09-25 05:36:00
2137,	064,	2017-09-25 05:37:00
2138,	070,	2017-09-25 05:38:00
2139,	075,	2017-09-25 05:39:00
2140,	046,	2017-09-25 05:40:00
2141,	054,	2017-09-25 05:41:00
2142,	042,	2017-09-25 05:42:00
2143,	035,	2017-09-25 05:43:00
2144,	042,	2017-09-25 05:44:00
2145,	108,	2017-09-25 05:45:00
2146,	180,	2017-09-25 05:46:00
2147,	060,	2017-09-25 05:47:00
2148,	049,	2017-09-25 05:48:00
2149,	090,	2017-09-25 05:49:00
2150,	060,	2017-09-25 05:50:00
2151,	153,	2017-09-25 05:51:00
2152,	142,	2017-09-25 05:52:00
2153,	073,	2017-09-25 05:53:00
2154,	055,	2017-09-25 05:54:00
2155,	064,	2017-09-25 05:55:00
2156,	106,	2017-09-25 05:56:00
2157,	085,	2017-09-25 05:57:00
2158,	116,	2017-09-25 05:58:00
2159,	210,	2017-09-25 05:59:00
2160,	124,	2017-09-25 06:00:00
2161,	285,	2017-09-25 06:01:00
2162,	107,	2017-09-25 06:02:00
2163,	057,	2017-09-25 06:03:00
2164,	039,	2017-09-25 06:04:00
2165,	064,	2017-09-25 06:05:00
2166,	096,	2017-09-25 06:06:00
2167,	144,	2017-09-25 06:07:00
2168,	100,	2017-09-25 06:08:00
2169,	144,	2017-09-25 06:09:00
2170,	081,	2017-09-25 06:10:00
2171,	047,	2017-09-25 06:11:00
2172,	041,	2017-09-25 06:12:00
2173,	045,	2017-09-25 06:13:00
2174,	046,	2017-09-25 06:14:00
2175,	044,	2017-09-25 06:15:00
2176,	041,	2017-09-25 06:16:00
2177,	034,	2017-09-25 06:17:00
2178,	054,	2017-09-25 06:18:00
2179,	080,	2017-09-25 06:19:00
2180,	269,	2017-09-25 06:20:00
2181,	060,	2017-09-25 06:21:00
2182,	120,	2017-09-25 06:22:00
2183,	109,	2017-09-25 06:23:00
2184,	242,	2017-09-25 06:24:00
2185,	102,	2017-09-25 06:25:00
2186,	084,	2017-09-25 06:26:00
2187,	058,	2017-09-25 06:27:00
2188,	069,	2017-09-25 06:28:00
2189,	135,	2017-09-25 06:29:00
2190,	071,	2017-09-25 06:30:00
2191,	109,	2017-09-25 06:31:00
2192,	093,	2017-09-25 06:32:00
2193,	055,	2017-09-25 06:33:00
2194,	044,	2017-09-25 06:34:00
2195,	101,	2017-09-25 06:35:00
2196,	030,	2017-09-25 06:36:00
2197,	061,	2017-09-25 06:37:00
2198,	192,	2017-09-25 06:38:00
2199,	040,	2017-09-25 06:39:00
2200,	138,	2017-09-25 06:40:00
2201,	055,	2017-09-25 06:41:00
2202,	042,	2017-09-25 06:42:00
2203,	036,	2017-09-25 06:43:00
2204,	038,	2017-09-25 06:44:00
2205,	051,	2017-09-25 06:45:00
2206,	030,	2017-09-25 06:46:00
2207,	028,	2017-09-25 06:47:00
2208,	037,	2017-09-25 06:48:00
2209,	026,	2017-09-25 06:49:00
2210,	029,	2017-09-25 06:50:00
2211,	027,	2017-09-25 06:51:00
2212,	034,	2017-09-25 06:52:00
2213,	038,	2017-09-25 06:53:00
2214,	049,	2017-09-25 06:54:00
2215,	037,	2017-09-25 06:55:00
2216,	052,	2017-09-25 06:56:00
2217,	075,	2017-09-25 06:57:00
2218,	083,	2017-09-25 06:58:00
